text_id_kaggle,full_text,gender,grade,race_ethnicity,num_words,num_words2,num_words3,num_sent,num_para,num_word_div_para,MTLD,TTR,Type,Token,task,SES,prompt,Overall,Cohesion,Syntax,Vocabulary,Phraseology,Grammar,Conventions
540978A8C801,"I think that the prime minister winstor churchill can have success put he need more working but can have success

I agree that he can achieve be in big primer ministre , and that he have enthusiasm that if all can in the life also, can think better also have good idea and to if have many entthusiasm but continion work and not think that can failure .

somentime think stuff negative that no is good for example a student have test and think that not the not pas the test, but if think that failure but he have think positive but all can always that, if it success y also it support the other person that think better that help and also need be always positive.

my opinio not always it success in the life because if one think that if can have many idea positiva that if the achieve be prime ministre that if is impotant role they success for me not it failure all can in thes life always positive not negative but it person that not want see the better the other person.

One reason para have success es have better idea not think bab ideas always be intellingent ,be good person, have respect be responsible also be person happy, ans be safe be in better primer ministre and be sincere also surpise the other person that not leave in you and have good intend , and no have afford but no thank in failure have to must be better and have success.

my conclution is no think that not can because if can achieve and if it success in the life and not think bab idea only good idea but be good or better person and be good employees and transmitir good vide and have courage , and be you self .                                                                                                                                                                                                                      ",Female,12,Hispanic/Latino,464,302,307,5,6,51.16666667,28.0,32.45033113,98,302,Independent,Economically disadvantaged,Success and failure,1.5,1.5,1.5,1.5,1.5,1.5,2.0
CAC2F2EE4C2D,"I belief that the best option in our life is to be a student active, that to be a student inativity, is the better for our life how students that we are, also because we can learn about the all thing that exist on this world, for to be a best person and too for our future.

we can do more if we are people active,when put our mind to work, enrich at the brain, achievement may goals that we wish on our life, like when are on high school and us stutying hard we have great grades in the class, we pass the year and set all the effort, the result is have in the hands our diploma, we will feel a sensation of happiness, and go ahead with our goals, the university and with the future.

also we feel the satisfaction because we are people that we like to be doing differents things that obvious are good, may be no is easy because somtimes we fail, but we can continue to endeavor and to be a person with goals clean that go to comply, follow with the university, and to be a person succesful in the life.

the students that have a mind occupate have more opportunities because these student are smart and people that not are lazy, obtain more adds of have the best prosonal of jobs in company or industry, in any type of job if we are people efficent that doing more in the world ,

because we enrich our brain and body and that service in the future, a style of life unique, obtain a best job to be people that can improve the world.

I think so that be a person active or doing something create a way in our life that champion to be professional because we cannto be idle, we have that to be women and men productive and obtain the job of our dreams, cause if we not doing something we are people that not have clean their goals,

in change if we are people with a brain active we can do anything in the world and understand better tha things. ",Female,11,Hispanic/Latino,339,361,361,5,7,51.57142857,39.4518773,37.67313019,136,361,Independent,Economically disadvantaged,Being busy,1.5,2.0,2.0,2.0,2.0,2.0,1.5
F5A5B0906BE8,"Technology

Technology could bring both positive and negative effects to people's lives, I think there more positive effect to technology, then negative. Technology is very effective, in many positive ways. People use technology to do many things, with out even going out there homes. Technology can even bring emergency help, way more faster. Technology is big effect to people's daily lives by helping them get locations faster, and keeps us informed on what's going on in the world, and also helps people get educated straight from home. Technology is not negative, its made this country, the strong country it is today because of technology.

People will say technology is bad, because of horrible stories they have heard. From people going crazy over technology, and on how little kids now cant even be happy if they dont have a phone in front of there face. also because they think its bad that young kids dont even want to go outside anymore, because there to busy staring at a TV all day. So most people think that technology is a negative effect on lives, because of those reasons. Thats not the case, if you really think about it, technology is in our hands, if we use it in a bad way thats a choice on us. Technology isnt the one to blame for all the bad stories over it. Technology is the key factor on why were still here today breathing and staying healthy.

Technology is a positive effect on our lives, it keeps us informed on what is happening in the world. also on what happened in the world millions of years ago. So many good ways technology has helped this world and now we know more about earth then we ever did because of technology, but not just that. It has also'ed saves lives with its help. My mom almost died in a car crash in the highway 10 years ago, but only cause someone stopped by, to help her, and called 911 with there phone the ambulance came just in time to save my moms life, Because of that one phone call, technology has had a huge positive effect on my life, and others.

It will always have a big positive effect on peoples lives, and will always have many ways to help us. it keeps us entertained, educated, healthy, and safe. what else could we ask for, technology is always going to be more positively effective then negatively, because of the stuff it does for peoples daily lives. Technology is good and a positive resource to always have with you. No matter what, if your in a horrible situation it will be there to help you, and if your in a beautiful situation, it will be there to help you take a nice video or picture of the moment to remember because of technology.",Male,10,Hispanic/Latino,522,480,476,23,5,95.2,59.5818271,40.0,192,480,Independent,Economically disadvantaged,Impact of technology,3.5,3.5,3.0,3.5,3.0,3.0,3.5
FF76D397A73C,"Not all the types of success have to be kind of hard to reach...sometime you just have to give a look in what are you good in one thing.

According to the Minister Wistom Churchill from Britain about the phrase tha he said

""Success consits of going from failure to failure without loss of enthusiam""

is 50% percent true and 50% percent wrong.

For example a person who reached the success in hard way is the now trending disigner of the brand

""Off-White""

he said on a nterview that ""it wasn't easy to be in here that I'm now you know?"" cause when ll this started I didn't had help so i find my own help with the company/brand Nike to use some of they sneakers to make my shoes design come true, i didn't have the answer of they in one day- NO! I tried and tried to get one response until one day that they say ""Yes we're working together, you can use all of our sneaker desing to make your work"". Now the colaboration between Nike and Off-White in a trending colab now in these days.

This example is a hard way to reached the success but now we are going to see two cases of ""easy success""

Two exampe of ""Easy succes"" are the actress Natalie Portman and the Ex-Proffessional Boxer Mike Tyson,they got their success cause they are naturally borned talented.

For Example the case of Mike Tyson, he was a 12 years old fighting in the streets to gain some money for his family till one day a man saw him fighting with an older boy with him in which fight Mike won, the man saw in Tyson a potential legend in the world of the Box.

Another caseis the case of the famous actress Natalie Portman, she has been a talented actress since she was a little girl. One day a friand of her mother told to Natalie to make a try to win a paper in a Hollywood movie in which Natalie won because she was naturally born a proffessional actress, she just make her future with her talent.

In conclusion not all the success people made their success with blood, sweet, and tears, some of them just were talented or used their pros to be somebody important in this world.",Male,11,Hispanic/Latino,356,400,389,11,12,32.41666667,43.04673924,49.0,196,400,Independent,Economically disadvantaged,Success and failure,3.0,3.5,3.0,3.0,3.5,2.5,2.5
9E4B02A389B4,"Online schooling or video conference? I support this way of learning for students, who feel the need to stay home or not getting to school and deaing with distractions that can stop them from learning. Staying home and learning sounds amazing because you wouldn't have to get up, get dressed, or worry about other students at school and their drama.

Learning at home sounds like a comfortable learning environment. Some students take this opportunity because either they were pregnant,moving a lot, or have anxiety that makes it hard to communicate with other peers and teachers at school. For me being in school is not a good idea I wish that I was able to take online school or at least a video conference with a teacher. Having anxiety makes it hard for me to learn at school because in class I always feel like people are always judging me or talking about me because I didn't do the homework or I got an answer wrong. Socializing with other people I don't know triggers my anxiety and makes me feel some type of way that doesn't make me want to come to school. The reason I have never brought this up to my parents about putting me into online school is because I have supporting friends and Its my last year of high school and I know I can do this and other students.

I noticed that distractions can also prevent students from learning. Distractions are everywhere,but at school theres way more. Students drama is the worst thing ever because rumors and gossip can really effect a students learning environment. In my sophomore year of high school my friend who was also a sophomore. One day in class we got a new student who came from another school, so my teacher made my friend show him around the school and everything so he could feel welcomed to this school. After a couple of days these group of girls came up to my friend and the new student and started to say really awful things about her, she went crying home. Few days later she texted me saying that she will be doing online school to stay away from distractions and get her school stuff together. From this experience that happened to my friend i think that was the best option.

When the teacher is teaching in a big class it is sometimes very hard to understand most of the time. Having a video conference with a teacher and learning one on one can really benefit from you learning. With these reasons,explanation,and experience I very much think for some students this option would be a really good idea.            ",Female,12,Asian/Pacific Islander,409,454,446,20,4,111.5,62.70975262,42.2907489,192,454,Independent,Economically disadvantaged,Distance learning,4.0,4.0,4.0,4.0,4.0,4.0,4.0
0AFC8CE27321,"By the time students enter high school, I believe that they should have an idea of what type of career they would like to pursue after they graduate. For some students, committing to a specific career at young age sometimes is a good idea as long as you have a backup idea for a different career in case you decide that you do not want to pursue in that career anymore, thats why committing to a career at a young age is only sometimes a good idea because you'll never come up with another career if you keep changing your mind. The courses that you study in high school should be thought about as well because maybe you need a specific degree from a course in order to pursue in that career.

I believe that, if a student is going to commit to a career that they should be very passionate about this career, they should be at least a junior in high school so that they've had time to get a feel of the other careers and decide which one they enjoy and suits them the best, and they should keep in mind the requirements that are needed, the benefits, and the types of jobs that it offers to them. Students who commit to a career at a young age are usually athletes, or they plan on working in their family business.

Pursuing your career needs a lot of hard work in school especially in this generation because you're going to need to go to a good college so you need a good GPA because you're going to want to go to the college that has a good academic program for the career that you plan on pursuing. Therefore, you need to go to college, and work hard so you can get a good job because most jobs, don't hire anyone without a college degree.

Finally, thats what I think about choosing the right career for yourself, and committing to a career at a young age. although some may still believe differently and disagree with my view on this issue.                        ",Male,11,White,332,356,351,9,4,87.75,46.41310432,42.41573034,151,356,Independent,Not economically disadvantaged,Career commitment,4.5,4.5,5.0,4.5,5.0,5.0,4.5
52DC3B7C3952,"Working From Home

Should students be allowed to attend classes from home? I agree that attending classes while at home would be beneficial for many people and can actually help them work better. One reason is that it would be less stressful for the student and put a lot less pressure into getting the work done. Another reason is that it would give them more time to work, for example they could relax and take little breaks while working instead of having to cram all that work into one class session. My last reason is that it would help improve grades. If a student is allowed to work while being at home, it would allow their brain time to think more about their work and how they can improve it.

Attending classes from home would be less stressful and put a lot less pressure on the student. For example, one class session is an hour and thirty minutes. Teachers give a lot of work to students and expect them to get it done without any problem, but the problem is they can't because being forced to do a lot of work is not very fun and with very limited time can put a lot of stress on the teenage brain and also damage their mental health. Expectations now a days are really high for students but their mental health and state aren't taken into consideration.

Time is of the essence. Students need time to get their work done and whatever they aren't able to complete becomes homework. Having to do a lot of work without being able to take a break can really suck. Imagine if you had to do a bunch of work without being able to take a rest because whatever you don't complete you're gonna have to complete at home. If students could work from home, they'd have all the time they need to get their work done and they could take a break if they got too tired. At home students wouldn't have to worry about time because they could complete the work at their own pace.

Grades are important, and when a student gets a bad grade, it isn't exactly the best look. Working from home would allow students more time to think about their work, when in a classroom students can't spend a lot of time thinking because they don't have much time. On the other hand, being at home would give them all the time they could possibly need to complete their work and how they could improve it for a better grade. If students could improve their work they would get better grades, and there's no better place to do that then home, the place you're most comfortable with.

To sum it all up, students should be allowed to attend classes from home because it causes less stress and pressure which is better for their mental health, gives them more time to think and do their work, and helps improve their grades while in a place they're more comfortable with.",Male,11,Asian/Pacific Islander,550,522,508,21,6,84.66666667,57.06088457,31.99233716,167,522,Independent,Economically disadvantaged,Distance learning,5.0,5.0,5.0,4.5,5.0,5.0,5.0
BE4764F7BFF1,"The Downside of Online Classes

A couple of schools offer online classes through virtual videos and video conferencing for students to take from home. Some schools might think that students would benefit from this and others think that this is not a good idea. From my perspective, students would not benefit from taking online classes for many reasons such as; they could get distracted easily, they miss out interacting with teachers and students, and they would eventually get bored of online school at home.

To begin with, many students K though 12th grade get distracted easily. The distraction is not because we don't want to do the work, but it's our minds. Everyone's minds work in a different way and theres always going to be that part of us that gets distracted by the small things around us. Also, technology is somewhat of an issue because it distracts many people because of the games and many apps that it has. Students could go off task and go off playing games or watching videos while they are supposed to be learning and doing their work online. For example, sometimes even I get distracted while doing my work at home through my computer or smart device because of the many other things I could be doing instead of doing homework. There are many distractions online and around us that could make us go off task instead of keeping us focused to do our work.

Furthermore, many students would miss out on interacting with other students, teachers, and staff. In other words, when you are taking online classes the only person there with you would be your teacher, whom is communicating with you through your computer. No one else would be there with you to help you through it, everything would have to be on your own. Ultimately, if you are in a school many teachers and students would be there to assist you with any questions or concerns that you might have. Also, you would miss out on a lot more exciting events such as school dances,

football games, and pep rallies. There is so much that you would miss out if you wouldn't go to a public school and decided to take online school instead.

Ultimately, you would also be spending almost all day in your house because of online classes. A regular school day is about 8 hours, meaning the online classes would be about the same time , or more or less. In school 8 hours is already tiring enough because of the learning and listening, but think of 8 hours at home with no breaks in between, that would be extremely exhausting. Almost all students that attend school come for a full 8 hour day, which includes break in between classes, then once school is over they go back home to be able to relax. If you are at home for 8 hours doing work, you wouldn't want to spend time relaxing at your home because eventually it would get boring there after a while. In my experience being at home gets boring to the point where I don't know what else to do to not be bored at home. In other words, being in the same place for a whole day would get boring and uncomfortable.

On the other hand, other schools claim that it is a good idea for students to take online classes. They are in favor of taking online classes through video conferencing. Some of the schools think that online classes are a good idea because many students could possibly avoid drama, get 1 on 1 assistance, and learn quicker. Although some of it is true, online classes should not be necessary. Online school should only be necessary if a student does not feel safe at their school because of personal reasons.

Overall, online classes are not a good idea at all unless it is necessary because of safety issues. Besides that, it would not be a good idea because many students would get distracted when they are supposed to be doing work, students would miss out on interacting with other students, teachers, and staff, and they would spend most of their day at home which is unhealthy.",Female,11,Hispanic/Latino,754,709,704,30,8,88.0,55.96522655,33.14527504,235,709,Independent,Economically disadvantaged,Distance learning,4.5,5.0,4.5,4.0,4.0,4.5,4.5
A5328D4B32DA,"To me it is better to go to school instead of online classes because it is more involved. Personally I am a visual learner so being around peers and adults that can help me would be way better. If students were able to just stay home and do school they wouldnt have much resources and they wouldnt really learn the material. Students who are in class have to pay attention because adults are around and they have to listen to rules. If you are at home you could do anything and not learn the information just do it for the grade and not actually memorize it for later when you would need it.

Not only is it helpful academically attending school it also helps you socially. You learn how to interact with people and how they interact with you. In class if someone says the wrong answer it is explained and taught why it is wrong so you learn more and it helps you. You learn how to act with adults, how to talk to different people, see different cultures, learn right from wrong, just basic life skills people need. At home it is really just you doing work with maybe another person, you learn more academically but not socially and you need social skills too.  ",Female,12,Hispanic/Latino,211,216,216,10,2,108.0,37.89801965,49.07407407,106,216,Independent,Economically disadvantaged,Distance learning,4.0,4.5,4.0,4.5,4.5,4.0,4.0
869367F8A718,"Imagine not having to wake up earlier in order to shower, eat and put clothes on. Some schools have the convinient choice to let students study from home via online courses or through video. Some Students are fortunate enough to learn from their own home so, they wouldnt go through these minor set backs. Many students wish they were able to learn from home and not having to go to a public or private school. Students could also take courses that are nessesary for them and could help them with things that really are needed for the rest of their lives. For these students learning from home brings many benefits because, students would not worry about getting to school, they would still be able to learn whlile sick, and they would learn at a pace they needed to.

First, the students would'nt worry about how they were going to get to school. Students could relax a lot more knowing that they did not have to make those sacrifices to get to school. Having to make it on time to school adds an emense amount pressure to a student, because they know that their teacher would be angry for being late to their class, but when taking online courses they would be able to learn from home and not worry about making it on time. Being in a public school is all about timing becuase being late could have you getting lectures for hours on end and could get you introuble with your administrator, which is why when you learn from home you could do it any time through out your day because its an online course and its available at all times, when you also learn from home you're able to take your time on certain activities and such other tasks. Depending on the weather that could be even more time consuming, for example if its snowing you would have to warm your vehicle up in order to be able to drive it,and for people who walk to school they suffer the most because they have to either sweat or be so cold on the way to school and on the way back.

Second, students would'nt have to make it to school even when sick. Many schools suggest that students should stay home when sick in order to prevent the sickness from getting every other person in that building sick. When a student takes an online course, they could still learn from home without getting anyone else sick. Missing school could probably be one of the worst things, all because of the amount of work you would have to catch up on. Students that take the online courses are alot luckier because they are still able to learn from bed with any sort of sickness. Some students miss an important day like test days, but when they do they have to wait to take the test and get a zero in the grade book untill they complete the test on what ever make up day is assigned to them. When students who take online cources miss the test day they could complete it when ever, just because it's online and it won't have to be taken on hard copy .

Lastly, the student would be able to learn at he pace that they desire. Students who attend public schools know that they dont always move at the desirable pace because their are many others in there learning with them. For example when a student sits down in math class, the teacher is either really quick or the teacher is really slow. But when online you could have the teacher to please repeat themselves and move at the pace you would really like to. When a teacher has a class of twenty-plus kids she/ he really cant give you undevided attention because there are so many students in that class. For students who take the online classes they could have full attention of the teacher because every student has one specific teacher assigned to just for them, with this they are able to learn a lot more and are able to move from subject to subject alot quicker. The student who take the online class will also move at a much faster rate, because they wouldnt have any sort of distractions, but would give the teacher alot more attention than they would in a public class.

Some schools across the United States offer students the choice to take online courses from home. This helps many students that have problems getting to school and home, it allows students to learn at the pace they will be more successful at, and would help when a student is not feeling well enough to go to school. Many of the students wish they were able to take an online course, which is much better than an online school.",Male,11,Hispanic/Latino,791,819,813,28,5,162.6,58.8854935,31.25763126,256,819,Independent,Economically disadvantaged,Distance learning,4.5,4.5,4.5,4.5,5.0,4.5,4.0
80D2FE30F665,"Offering distance learning as an option for students to attend classes from home by way of online or video conferencing by schools is a good idea, but I take a position on this issue to say that, students would not benefit from being able to attend classes classes from home due to the following reasons.

First of all,some students when offered distance learning will not pay attention to their lessons. They will distracted either by their cell phones or electronic devices. And we all know students always like to be on their cell phones at anytime and anywhere. Also,Students can be distracted either by their parents or siblings which may cause them lack behind ahead of their lessons. So when all of this happens , students may be delayed which will cause them to fail and waste of time. For example,my cousin came to the United States of America with his siblings and he was permitted to to take one of his subjects or courses online. And anytime he gets home,he doesnt get a peace of mind because of the disturbances and worries from his siblings. Due to this,he fell apart in his studies which caused him to fail the course.

Another reason is that,some students finds it difficult and boring to learn on their own pace. Because they encounter a lot of problems in their studies. Students finds it very hard to understand lessons without the presence and explanation of a teacher. And again,students finds it very boring when learning on their own because there is no form of oral conversation between the teacher and student. Some students prefer being active in studies rather being dull or inactive. So when all these happens,the students may skip the contents because he or she doesn't get any understanding,

or close the contents and go to sleep. For instance,I had a friend who was struggling with these same problems,he feels bored and difficult to understand in distance learning. So anytime he gets to sit for the lessons,he feels sleepy during a short period of time. He sometimes drink a whole cup of thick coffee but it doesn't make any changes. So what he does is to off the computer and go to bed. And this hinders his academic performance each year.

Lastly,students feel fatigue or weak in distance learning since they don't get time to take rest after school. Some students even have to close work after school before taking the online class. With these,it makes student lazy and sleepy when he or she sits in fronts of the computer to learn. And me myself is experiencing this problem. When school closes, I have to walk half a mile before I gets home,and from there,I work on my assignments and take my shower. So by the time I will be done,then it is getting late, and I still have to take this classes online. I feel tired in learning at times which retards my level of learning.

From these reasons, I would like to conclude that,students would not benefit from distance learning because there are so many disadvantages from it which has brought low level academics in their studies.

Thank you.",Male,12,Black/African American,514,548,529,29,7,75.57142857,79.80590062,43.43065693,238,548,Independent,Economically disadvantaged,Distance learning,4.0,4.5,3.0,4.0,3.5,3.5,4.0
A9A92BCA4B7D,"Failures are Part of The Success

Former British Prime Minister Winston Churchill once said that ""success consists of going from failure to failure without loss of enthusiasm"". The failure plays an important role in the pursuit of success. A successful dreamer's life always have a lot of failures, but without loss the enthusiasm. Be perseverance do not let a person loss the enthusiasm still having failures. To accomplish a goal a person will have failure to failure without loss the enthusiasm.

Firstly, failures have an important role in the pursuit of success. Is something impossible be successful without failures. Therefore, every single human have a dream and everybody want to accomplish their own dream, but it cannot be accomplish without mistakes as a failures. For example, Dr. Martin Luther King Jr. was an important leader from the movement of Civil Rights. He fail his own opinion and rights in from of people who were more powerful than Dr. Martin, but with those failures he was a successful leader of Civil Rights. In others words, in King's life failures played an important role in his pursuit of his own success.

Secondly, every successful life will have failures, but the point is do not loss the enthusiasm. Have the power to still having enthusiasm when everything is fail make a person pursuit of success. In others hands, a successful life is constructs by a lot of failures, but without loss the enthusiasm that let you still pursuing. For example, Gabriela Douglas was the first gymnast with a gold medal in the United States. In her professional life, she had a lot of failures. One time she broke her right leg when she had her first presentation in the best school of gymnasts in Japan with the best trainers, but Douglas was helping herself and she was taking therapy sections to be ready for the next presentation where she was accepted. In others words, the key to be successful with failures is do not loss the enthusiasm.

Thirdly, be perseverance do not let the people loss the enthusiasm with failures. Have a perseverance character make the the people strong in front of failures. Many people said that be success does not consists of going from failure to failures without loss of enthusiasm. In others words, when a person want to be success and in that road have a lot of failures it force this person to loss the enthusiasm as a result of those failures. However, a lot of people believe that is a kind of impossibility have enthusiasm when you have some failures. To retake Churchill's statement about the important role that failure plays in the pursuit of success, success consists of going from failure to failure without loss of enthusiasm.

In conclusion, Churchill's quote was humbling and impacting. The failure play an important role in the pursuit of success. Is not impossible still having enthusiasm when a lot of things are as a failure. Be perseverance is the key to be success and do not loss the enthusiasm. Success consists of going from failure to failure and do not loss the enthusiasm.",Female,12,Hispanic/Latino,501,526,521,29,6,86.83333333,42.28308131,30.79847909,162,526,Independent,Economically disadvantaged,Success and failure,3.5,4.5,3.0,4.5,4.0,4.0,4.0
7F3519884176,"The pursuit of success has been discussed by many knowledgeable people for a long time. Nobody is perfect but there always be someone who is more successful than others. Although some people believe that being failure is not important role in the pursuit of success, nevertheless, the important role is failure that plays in the pursuit of success because people always learn something new when they make a mistake, and they tell that lesson for others which leads them into more success.

To begin, when people make a mistake, they always try to fix it by learning something important from it. For instance, there is a girl who wants to make a tryout in basketball team. She is afraid of cannot making the team. Her scare leads her not to try. When the tryout comes, she tried but did not show her strength and could not make the team because of her scare. She is sure now that she will make the team next year without any problem. She makes the team. This shows that, the girl learns her lesson that she cannot be afraid or unsure about what she wants to do. Clearly, if some people never make a mistake and never fail, that people do not try anything new which means they never meet their success.

Furthermore, when people learn something important from their mistake, they start to tell the lesson for others which lead them into more success. For example, teachers teach and tell students what is right and what is wrong by their experience and stupendous knowledge. Students learn it and find the pursuit of success while teachers are going successful. Teachers make many intelligent, talented, successful young people which is very important work for the future. When people tell things over and over again to others, they start to remembering them more which support them not to make same mistake. This proves that, helping people and leading them into right direction help everyone. But the most important thing is to tell them not to quit, stop, and lose their enthusiasm because of their fail. Clearly, success comes by itself when people doing right thing for one and another and not being quitter.

The important role is failure that plays in the pursuit of success because people learn something amazing from their mistake when they do something wrong and they tell that lesson for others which leads them into more success. Failure teaches people what do to next, and how to do it right, and by remembering the mistake people start to tell the others and never do same mistake again and again. In conclusion, people never should lose their hope, dream, and their enthusiasm because of failure. They should learn from it and help others to not do it. Helping others help you to success.",Female,12,Asian/Pacific Islander,442,472,470,25,4,117.5,50.7198568,33.47457627,158,472,Independent,Economically disadvantaged,Success and failure,4.0,4.5,4.0,4.0,4.0,4.0,3.5
CD9FDD5F9F9E,"Does failure play a big role in success? Former British Prime Minister Winston Churchill once said that, ""success consists of going from failure to failure without loss of enthusiasm."" Although failure often just ends up in failure, I agree with Winston Churchill's statement that failure can lead to success if people continue to use enthusiasm.

First of all, many of our inventions used today are a result of failures.

For example, Edison created the lightbulb, but failed many times before he discovered electricity.

He used his faith and motivation to not give up and keep trying even though he had many set backs.

He accidently made a circular shaped like glass ball which became a source of electricity. If Edison did not keep trying, we would not have electricity today. Also, many scientists have created medicines after many failed attempts.

For instance, there is now a chicken pox shot that prevents people from getting the chicken pox.

Through many experiements with mixure of chemicals and failed trials, scientists were eventually able to find a shot that prevents chicken pox from entering your system. These examples show that failures often lead to success if people never give up trying.

Second of all, many students have failed in school, but if they keep trying and keep their enthusiam, they will succeed. For example, I have had a hard time in school, especially with passing my sol's. When time goes on, I try harder and harder, and spend more time studying with my teacher.

As of today, I have passed all of the sol's I need in order to graduate except for the one I am writing about right now.

I also have a learning disability and ADHD and have a hard time paying attention and often lose focus in my classes.

Even with my disability, I have not given up and keep coming to school and get extra help from my teachers so that I can graduate this year.

I make sure I follow the rules, don't skip class, or don't miss school becuase it's so hard for me to make up what I miss. Although many seniors like to skip class, I do not skip becuase I want to earn a high school diploma. Even in education, there are failures, but through hard work and a good attitude, students can succeed.

In conclusion, I agree with Chruchill's statement ""success consists of going from failure to failure without loss of entusiasm.""

Even though people will experience failures, there will be success if they work hard, keep the enthusiiasm, and never give up. ",Female,12,Asian/Pacific Islander,400,437,430,23,14,30.71428571,82.87871186,46.22425629,202,437,Independent,Not economically disadvantaged,Success and failure,4.5,4.5,4.5,4.5,4.5,4.5,5.0
BCBE999300EA,"Why did Winston Churchill said that "" success consists of going from failure to failure without loss of enthusiasm""? Because almost everyone who failed to achieve their goals, they gave up and forgot about it. The enthusiasm plays a big rule in your success more than you failure. If someone failed and lost his enthusiasm, he/she will not try again to get what they need. It is a big deal to left what you were doing just because you failed. Almost everyone failed in this life. For example, no one literally success without failure; losing your enthusiasm will cost you so much; failure is your success path.

Firstly, no one will success without failure. Without failure you will not know your problems. Either if it was small or big problems it wall affect you, so failing will help you to achieve your goal easily. Most of the billionaires lost so much at the beginning, but they worked on it. Maybe someone wondering why they will work on it if they failed and did not change the thing they were work on it, or just forgot about it? Basically because they believed in themselves, and they knew that they can do it. You have the choice either you will success or fail. If the frequency of trying was high, it is better because you will learn some experiences.

Secondly, losing you enthusiasm will cost you so much. For example: it will cost you the success on your thing that you were work on it; the money you may gain/spend from/on your thing; the happiness of your success after your struggle. Most of who are going to the gym saying ""no pain no gain"" it looks like small and simple quote, but it has a deep meaning. If they did not work hard on the gym, their bodies will not be like what did they thought. Also, ""never give up"" it is really a small quote, but with full of energy and enthusiasm. If someone told you that quote, you may do anything you can because you will not give up. Also, you will do whatever you can until you achieve your goal.

Thirdly, failure is your path for success. As I mentioned, most of billionaires failed at the beginning, but look at them now. people are giving examples on them just to be like them. In my opinion, I assume that they are working in another thing to success again and again. Literally nothing better than success after hard working. Students in school or universities are studying a lot of subjects, but they are working hard to get their dream job, car, house etc... . They knew the reward they might get after hard working. Some people are saying that once you had your first failure you must stop because you do not want more failures in your life. In my opinion, it is completely wrong. If you stop and did not try to fix it or work hard on it, you will gain nothing. What if you worked hard? You may got credit on it because you did it beautifully. People will respect you more if they notice that you are a positive person and trying hard to complete you work perfectly. When they notice that you are a negative person; hate to complete your work in a neat way; and give up so fast. They will hate to set next to you because you are negative. You must be positive, persistent, and believe in yourself to achieve your goal. You should ignore any negative messages , or anything that may affects you.

To conclude, nothing better than success after failure because you will know your mistakes and you will not do it again. You have to be patient to get what you want. It is impossible to success in one day. Always good things and success takes time because you have to set a perfect plan to achieve what you want. As I said your failure is your success path because you will learn new lesson, mistakes, patient. These three things you might see it simple, but they are very Important. They can let you success if you work hard on it, and you were perfect about it. If you notice Winston's quote, it was deep and cheerful. Again, never ever give up.",Male,12,White,710,725,724,48,5,144.8,52.86038696,32.27586207,234,725,Independent,Not economically disadvantaged,Success and failure,3.5,4.5,3.0,4.0,3.0,3.0,3.5
A72A4397F9F5,"Does the success consist of going through failure?

Yes, I am agree with this quote.

As we all know been successful is not easy. Some people say that hard things make hard soldiers; Therefore, failure is part of the success, but that does not make it easy for us; Why? Because no one likes the idea of suffer in order to be successful in life. As a matter of facts; Failure help us to become who we really want to be or who we are suppose to be, but no all of us get the chance to feel successful or not even see any progress; yet some people choose to give up, instead of fight for a better life; A life with success. But do we loss enthusiasm during our way to success? yes we do!

It is OK to loss enthusiasm in our way to success; that is showing every body else, and you as well that we are humans, and we can get tire sometimes; But what is not OK is to give up, because you will showing everybody that you are weak.

By showing us how difficult life can get, and tough us that you are the only one who choose to continue or to give up in your life; Oprah Winfred would be a great overcoming example. Oprah had suffer a lot since she was a child; yet she decided to continue with her life. Even though it was not easy to act like nothing happened, but she knew what king of person she wanted to be. Therefore, she decided to fight for those things she always wanted; instead of been crying all her life. Do not doubt that the sky is the limit even for the suffering. Oprah was a determinate woman; a woman who wanted to be successful. Yet everybody else was saying that she would not be able to accomplish what she wanted; instead of supporting her they were feeling sorry for her, and not doing anything. Therefore, she became more stronger than she had ever been, and now she is showing as that even after everything she has been through you can smile with placer and success.

On the other hand we have immigrants; those people who fight day by day to get no even what they want, but what they need. As an immigrant; success is the biggest word we all are working to accomplish, some people do not even believe they can accomplish more than what they have accomplished already; Even though everything we have accomplished until this day is because of failure; because each morning we decided to go out a fight to get something else than just failure. Eugenio Dervez is an example of overcoming in a different country, language, and culture. He is an inspire person for immigrant people in the USA. Eugenio has been proving us that dreams can come true. He showed us that everything is possible, you just need to believe in yourself, and trust that you are capable of so much more. Even though some people could be selfish even in your own family; Instead of been worry about others opinion worry about your future; so one day you can be successful, too.

Finally, in my experience I have fail so many times; but I am sure that any of those times I have fail will not stop me from what I want to do or who I want to be. Somehow my family does not have faith in me; and even though that if I fail I have no one to support me; I am afraid. However I know that I am capable of so much more, and I will fight until the end of this. Also, I always wanted to show everyone that they were wrong about me that I am capable as everyone else. Yet everybody was judging me, I decided to teach myself how do become a better version of me. I will continue fighting for myself. As you should do!

In conclusion, in order to success we have to go from failure to failure. As I was said before; there are so many people that have been showing us that everything is possible. Instead of been afraid for our mistakes we need to learn from them, so we can success in our life. Therefore, we have to think about the future that we want and start working on it, so we can be the people we want to be; the people our parents want us to be. By fighting this battles day by day we are not just creating a better country for ourselves, but a better country for our families. Remember that hard battles make hard soldiers.                                                                                                              ",Male,12,Hispanic/Latino,802,790,790,37,8,98.75,54.23139615,31.7721519,251,790,Independent,Economically disadvantaged,Success and failure,4.0,4.0,3.5,4.0,4.0,3.5,3.5
8B1883B7393C,"In certain societies, students of young age are required to identify a career by the time they enter high school. However, others may believe that this will bring too much stress and pressure on 14 year old students, that is expected to pick a career when they are not a hundred percent sure. Schools should just stay with the required core classes, and if a student wishes to join a class where they give more attention to their career, they may. Students in high school should not be expected to take courses that guide the students to a specific career, because young students are not sure of what they want to pursue and specific courses can be too stressful for a young mind.

These young students should not be forced to identify a career in the eighth grade. The school faculty should not expect upcoming freshmen to know what they would like to pursue in the future and to take courses that guide them towards that career. These students can change their minds, at any moment in their years at high school. As a child one would want to be: a singer, a doctor, an astronaut, or a race car driver, these are all realistic career choices. But as one grows up one can change their mind and starts to find new interests, one becomes more mature about their future. For example, an average student can say they want to be a writer and then decide after a year now they want to be a teacher. Many things in ones life can impact what one's career will be like teachers, parents, role models, and oneself. Many students do not usually know what they would like to pursue till like junior or senior year, it is a choice that is made as you grow up.

The specific courses, that are given can be very stressful for a young mind. Having a high school student come to school to study toward a specific career everyday can be stressful. Many students also have special commendations and will seek more attention than others or will need extra time with schoolwork. Many students also do after school circulars, which can add even more stress to those students. For certain careers, students may be required to take a high level of math or an AP class. For example, if a student would like to pursue a career in electric engineering they may need to take calculus and an engineering class, not adding the fact that the student will still need to take their core classes. These courses can be very stressful depending on the young mind, everyone learns in a different way.

In conclusion, high schools should not expect students of young age to know what career they want to pursue and have them take courses. This expectations can cause students to force themselves to choose a career and be overly stressed. However, the courses can prepare the students for college and their future career. The courses can also help the student understand their career choice in more depth. The courses can lead you to a bright future. The schools that require the students to identify a career are just helping the young minds of today go the right direction. ",Female,11,Hispanic/Latino,504,545,544,25,4,136.0,62.12027755,37.79816514,206,545,Independent,Not economically disadvantaged,Career commitment,4.5,5.0,4.5,4.0,4.5,4.5,4.0
E2F767441B44,"If in high school should young students be capable of committing to a career. Some adults say that young students should pick a career. Others say that they are not ready to choose and commit to a career. I believe that students should commit to a career at a young age. The age shouldn't determined how committed you can be to a career. Being young shows a lot of both positive and negative benefits.

Early experience for these students can benefit future jobs. For example, you take a class for cooking and seek for a job you will have a better chance then those who have no experience. Starting your career with prior knowledge before becoming an adult will make it easier to obtain a job once you graduate high school. Those who choose to wait after high school will have a harder time seeking a job. Your chances for a job are much higher then those without any experience.

Making less mistakes because of all the prior knowledge you learned beforehand. For example, you take a class for cooking and you start learning early how to stop from burning your food. So, when you start cooking at a restaurant you will know how to stop from ruining the food. Starting young will prevent less mistakes from happening in your future job. This gives the students a better resume if they know what they are capable of doing and doesn't need to be taught. Having less mistakes during the job will show your bosses that you know what you are doing for them.

The students will have some confidence before going into their career. For example, you learn about the kitchen and what everything does so when you go in you won't expect anything new. This will help students have some confidence since they know what to expect going into they're career. Before entering a career it's good that students can relax and feel better since they know how everything will go. A boost of confidence is what students need before going into something.

On the other hand, people say that having students commit to career in high school is a bad idea. For example, students are constantly changing there mind and changing there interests. Some adults say they are to young to commit to a career because of how uncertain they are when they make decisions. So, they think how can a student choose something for the rest of there life if they can't decide on some of the most simplest decisions. Those adults think that students should wait until they are older to make that type of decision.

Having students start early come with so many benefits for there future. They get to learn more in advance then the rest. Also they have better oppurtunites and better chances with getting there perfered career. That many positive outcomes will come out of starting early. So, I believe that students can commit to a career at a young age in high school.      ",Female,11,Hispanic/Latino,476,508,502,32,6,83.66666667,49.8,36.41732283,185,508,Independent,Economically disadvantaged,Career commitment,4.0,5.0,4.0,4.0,4.0,3.0,4.0
BE2FCAA099D2,"As a student do you believe that you should commit or choose your career at a young age? What if you change your mind over your high school years? In my opinion, It's a bad idea to choose your career at a very young age, because when you're going into freshmen year you're not mature enough, your mind set changes through out high school, and you will not know if your careers courses might be too advanced for you.

As you grow older your maturity increases. you will become more of an adult than a young kid , but when you are a freshmen you're still a litle kid. You still have a kids mind. Choosing your career at around 12-14 years old is not mature enough. It's way to early to be choosing your career. At a young age we do not know many things about that particular career that you've chosen. Students chose that career at a young age, because it's there ""Dream Job"", which is just our imagination.

Once you entered high school you will go on your own path, your own way. In freshmen year you're the same person you were before you entered high school, But as you go into sophmore year and junior year your mind set changes in big way. The job that you chose before entering high school isn't what you want anymore. The classes you have doesn't interest you in any way. Your whole mind resets to a new person. A new you. We all change through out our lives, but high school will change you the most.

When you choose your career that you would want to have in the future you will not know whether the courses that you need to take in high school will be hard or not. If you pick a high level career to have in the future, your classes will be dificult for you, But freshmens don't know that because they're too young and doesn't know the qualifications that you will need for that one particular career that you've chosen

You may think its a good idea to choose your career at a young age, but you're wrong, because at a age 13 or 14 is way to young to be choosing you ways. You still have a little kids mind around those ages. It's best to choose your career during sophmore year because, you will be mature enough to know what you are doing, or what your decisions are.

So if you think about it, it is too early to be making your own decisions and choosing your future at a young age.        ",Male,11,Hispanic/Latino,418,456,440,22,6,73.33333333,44.36285444,34.42982456,157,456,Independent,Economically disadvantaged,Career commitment,4.5,4.5,4.5,4.0,4.5,4.0,4.5
B68C62AB1515,"Careers are a big part of a person's life. People can choose from thousands of careers that interests them. Careers usually tell a person's personality. A lot of people take careers very seriously and want to know more about careers. Students committing to a career at a young age is a good idea because students will know what a career is really like, they will find something fun to do everyday, and they won't have to worry about it in their adult lives.

Students committing to a career at a young age is a good idea because students will know what a career is really like. Some students lack information about becoming a doctor. Students often don't know what it is like to become a doctor, or know the basics. In order for students to obtain information and knowing how to treat a patient, they need to experience it physically. It is a good idea for students to take action in a career because they will get more information about it. In addition to knowing what is like to become a doctor, students can look up a career they want to know more information about. For example, if a student wants to know more information about dentistry, they can easily research what do you need to do to become a dentist. Students should engage in a career early because they can find a lot of resources to get there.

A second reason students should be in a career early is because they will find something fun to do. Most students don't really do anything after school or in their free time. The students who don't take action in doing anything, will more likely become miserable and bored. For these students the only thing they should do is join in after school program that helps and educates students about careers. Students should be involved in a career at a young age because a lot of students don't know what to do in their free time. Also, students don't really have a hobby they can do. Students sometimes don't really think about having a hobby that can keep them happy. Students can find that hobby by taking part in a career and actually find something that really interests them.

Students need to be in a career at a young age because they will find something that is important to them.

A final reason students should commit to a career early is because they won't have to worry about it in their adult lives. Most teens don't know what they wanna do later on as they become adults. These people usually struggle in finding a job, and also getting that job. If a student spends extra amount of time in school reading and getting information about a career, they won't have that problem later on. In fact they will easily know what they want to do. Students who get into a career at a young age won't have any problems in finding a job later on. In addition to finding a job, students as they get older won't have any stress on what they want to be. When students graduate high school they are pressured in finding a job, which makes them really stressed. Some students aren't as stressed as others because they already know what interests and them and what they wanna be.

If a student who doesnt know at all what they wanna be, they should spend lots of time on researching and attending career based programs to give them an idea or two on what to be. Students should part of a career at a young age because they won't be as stressed.

Some people firmly believe that students should not commit to a career at an early age because they arent well educated about a career. Unfortunately, these students are more likely to have problems later on when finding a job. In order for students to fully know about a job is to take part in a career fair or just overall being in a career so they can be sucessful when doing so. Students should commit in a career early because they will be more educated in a career. In addition to, they will find a hobby in their free time. Finally they won't have any stress or problems later on in finding a job. ",Female,11,Asian/Pacific Islander,698,747,727,39,7,103.8571429,41.80991527,25.70281124,192,747,Independent,Not economically disadvantaged,Career commitment,4.5,4.5,4.5,4.5,4.5,4.5,4.5
49BABF3BEF2F,"In some schools around the world, students are expected to know what career that they want specialize in before heading into high school. Schools also have specific classes that will guide students into the direction of career they want to be a part of when they graduate from high school. Here are some positive and negative reasons i have for both sides for this prompt.

Some students in the US have the option of either coming into high school knowing on what they want to specialize in when older, or knowing at a later stage what they want to become. In my honest opinion I do not think students should be committed to an occupation at a young age, not only will this frustrate them when the graduation time comes and they are not ready, but this means that they will not have any room for any other plans and that can cause a lot of problems for the student. Trust me this has happened to me but I've managed to pass through with dedication and time.

Students shouldn't be thinking that they have to have a career on their mind as soon as they walk into high school, this is not how it should work. this is why. Some students can fall to inconsistent behavior which means that if the student says one thing that he wants to become and then later on the student chooses another path when graduation comes than he didnt live to meet his goal when coming to high school, many students fall a victim to this including me but this isnt that bad of an issue it can be easily resolved. In conclusion to this reason, all students should ALWAYS have a back up plan no matter what the case is.

Maybe in some cases having to have a career in mind might change a lot. Maybe a student might want to be a plumber and they know strongly for a fact they want to become a plumber, all they have to do is inform their consular about their life goal into becoming a plumber and to ask about the plumber class. If the school does indeed have a class for this student he will be taught many valuable lessons and he will use it when he joins the plumbing work force. Second reason this would help is when the student joins the selected work force that he/she would join, they would have prior knowledge that would help them maybe financially but maybe could help spread some knowledge to other employees that are not to confident in their job.

In conclusion, many students can benefit from having prior knowledge on what they want to become when entering high school, and many students can benefit from thinking about their goal later in life. But the one option that i found beneficial to high school students was the option that students should not have to have a set career in the mind because; this will stress them in the long run, they will not think of a back up plan, trust me the backup plan is one of the most crucial things you could have in high school, and last but not least, students can have a hard time dealing with the reality that the career they have chosen might not become what they once thought but just a memory of failure.           ",Male,11,Hispanic/Latino,535,569,566,16,5,113.2,57.95900032,37.60984183,214,569,Independent,Not economically disadvantaged,Career commitment,4.5,4.5,5.0,4.0,4.0,4.5,4.0
8B8E152F28F3,"Is Being Inactive Worth It

Is always working worth not taking a break? Those who are always active, can finish a lot of work; however, inactivity serves a purpose in our life. Being inactive sometimes is beneficial for people because they need a mental break, physical break and to stay healthy.

Firstly, being inactive sometimes is beneficial for people because they need a mental break. By taking a mental break people can come up with fresh and new ideas. Always working can take away people's ability to think about new and fresh idea's. Also, always working can make people be more serious and not be happy. If people are always doing something, that can cause them to have depression because people would be overworked. In conclusion, being inactive sometimes is beneficial for people because they need a mental break.

Secondly, being inactive sometimes is beneficial for people because they need a physical break. If people are always working, they wouldn't have enough time to spend with their family and family is one of the most important part of our life. In addition, friends are also very important part of our life's. If people are constantly working they can't visit their friends and this can cause a weak relationship between friends. If people always work they can't enjoy their life because they are constantly working. They wouldn't be able to do things they love doing. In conclusion, being inactive sometimes is beneficial for people because they need a physical break.

Thirdly, being inactive sometimes is beneficial for people because they need to stay healthy. Working a lot can cause problems to people's health. One major health risk can be a heart problem. Working a lot can cause stress and that is not good for people's health. Stress is known to cause heart problems, one major heart problem is heart attack, which it can translate to death. Also, working takes a lot of energy; which is why, people can be very tired and not get enough energy which is not good for people's health. By being inactive people can get some energy back. In conclusion, being inactive sometimes is beneficial for people because they need to stay healthy.

Finally, Being inactive sometimes is beneficial for people because they need a mental break, physical break and to stay healthy. By taking a mental break people can come up with fresh and new ideas. If people are always working, they wouldn't have enough time to spend with their family and family is one of the most important part of our life. Working a lot can cause problems to people's health. One major health risk can be a heart problem. Not always working is beneficial for people because they need a mental break, physical break and to stay healthy.",Male,11,White,460,476,464,30,6,77.33333333,39.24980491,25.42016807,121,476,Independent,Economically disadvantaged,Being busy,5.0,5.0,4.5,5.0,4.5,4.5,5.0
902459E92932,"We accomplish more if we are always doing something.

Have you ever wondered what accomplishments you would have if you are always doing something? Being active is part of our living and has many advantages. People that are always doing something are those that have a good life style condition. Being active allows one to stay healthy, be successful and learn new things. Being inactive has many consequences that affects one's health, behavior and capability.

To begin with, a person that is always active is a person that is more or likely to be healthy. Many people that are active live a healthy life style but not everyone. Although majority of people are active and healthy, many are also active but not healthy because of their living conditions. Many people complain about being overweight and not being happy. Being overweight can be stressful and brings depression to the person because of inactivity. Being depressed and stressed, affects the healthy life style. Although many people are active, they are healthy but not all. Being active helps one's body fight diseases. if a person is mostly inactive and their health is not good, their body wont have enough energy to fight off the diseases which can lead to a critical state of health.

Moreover, inactivity reduces a person's opportunities to be successful in life. People that are always active are those that reach their goals and become successful. Being active trains you to be hard working and independent. My father once told me "" If you are a hard working, dedicated, and responsible person, you will be successful in the future."" Success comes from hard working. To be successful one must put all of their effort and dedicate to work and always be active to go accomplishing their goals in life. Even though people that are active and hard working, don't accomplish their goals because they are the type of person that is satisfied once he/she accomplishes what their task was and in that way it is not a right path to be successful because to be successful one should always be doing something or trying something new.

To conclude with, people that are always doing something are the people that always learn something new. Being active teaches you how to do new things or how to do things but in another way. People learn from their mistakes because they are always doing something. For example, I once wanted to learn how to play a drum. I was always active trying to find a rhythm by gathering some buckets and cans to try to make noise and pretend to be a drum but as time passed i notice that all of that helped me developed some of my skills. I didn't give up but instead insisted to learn more. i enrolled in a drum class and there is when i started to develop all my skills and learn what one of my biggest goals were. Being active teaches a person to be confident, patient and wanting to learn new things. people that are inactive sometimes don't care if they learn something new and most of them are not patient. Learning new things is a way to be successful and helps one to open his/her mind.

Inactivity won't help in our lives instead, it will bring depression, lack of understanding and irresponsibility. Being healthy, successful and learning new things, all come from one always being active doing something. We accomplish more if we are always doing something. Think of yourself being inactive. What will you learn, what goals are you accomplishing or how will your health life style be? With this I leave you today; being inactive is not good but always doing something will benefit you in one way or another. ",Male,11,Hispanic/Latino,625,637,629,38,6,104.8333333,37.41028226,32.96703297,210,637,Independent,Economically disadvantaged,Being busy,5.0,5.0,4.0,5.0,4.0,4.5,4.5
32B2FDA9D3ED,"Always doing something will always be an accomplishment and doing nothing will never be an accomplishment anybody knows tht.

Always doing something in your life can be an accomplishment because you're doing something with your life and not just sitting around doing nothing. That why being an inactivity person does not do anything for you in your life you don't get anywhere in life.

First of all, When you are doing something like being active or if you have a job your doing something your accomplishing things, your getting experience, and your learning how to be a hard worker. You are active if you are going to working as in having a job. For example, I'm working in a restuartant as a waiter or a cashier i'm a hard worker because I went out of my way to find a job that I am willing to work at. I'm an active person because I am actually putting the time and effort into having the job and making money off of it. Also at the same time of having the job I am accomplishing something by learning how to be a waiter or be a cashier. Accomplish means mastering something by doing something that you did yourself. Being inactive is not a good thing if you are wondering let me tell you how.

In addition, being inactive can be the worst thing you can do in a way it can kind of ruin your life. For example, People without jobs and in this case they are adults. Not having a job when you're an adult can be the most horrific thing ever because if you don't have no money you can't buy any food, clothes, and so much more that you need in life. Another most important thing to having in life is to having a roof over your head, so you can stay warm, out of the rain, and having somewhere to sleep. Also another reason why having money is important is what if you have a baby you need to take care of you have to do everything possible for the baby to have a home, make sure the baby eats, having to buy daipers, and for them to wear harm clothes so they don't have to get sick. Speaking of sick, what if the baby gets sick you would take them to the hospital of course but would you having enough money to pay off the hospital bill and if you don't the baby will stay in the hospital until you can pay off the bill. The things it will take for that to happen is to be active, and hard working then you will accomplish in paying the hospital bill for your baby. These are my reasons and I hope people will make the right choice when it comes to being active or inactive.

Lastly, Me personally I'm an active person I don't always like to be inside all the time so I go outside and do the thing that I love doing best and is to play soccer. I'm about to tell you my way of accomplishing something by doing it. When I was three years ago my father loved to play soccer, he loved it so much that he wanted me to learn how to play it. As I was growing up I was getting more and more attached to soccer. When I reached to the age of ten my father knew I was ready to be on a soccer team, so he did and found a team that my cousin was in. The name of the team was called Generic_Name in english meaning Generic_Name, my father ask the coach if i could play on the day of my first game and the coach said, is he ready, my father replied, yes of course i wouldn't be asking you if he wasn't. So they gave me a uniform and interduced me to everyone on the team and so we put all our hands in the middle and on three we shouted Generic_Name!!!. So we all got in to position and I was playing left wing, each half was thirty minutes ,and after those thirty minutes were past we won and finish the game with the score of four to three I scored all four goal in my first soccer match I was so happy and my father was so proud of me for that. Ever since that day I've been focusing so hard to becoming better at soccer and trying to accomplish my dream in becoming a professional soccer player. I know i'm going to accomplish it because I never give up especailly in soccer, its the reason why I am the person I am today and I will never let that go.

These are reasons why doing something and being inactive are different and it can change your life in different ways but for me I prefer something and being active because want to get somewhere in my life and be successful as well so I hope this will inspire you in to doing and making the choice, never give up.              ",Male,11,Hispanic/Latino,843,874,857,29,6,142.8333333,38.5,31.46453089,275,874,Independent,Not economically disadvantaged,Being busy,3.5,4.5,3.0,3.5,3.5,4.0,3.5
42031E46ADA3,"The meaning of the success is achieve your goals. Success comes to the people who works hard and give effort to do something. To be successful people, peole always need to do something. If people chose to be inactive this will not help people to achieve their goals. Although some people think that inactivity also serve a purpose to accomplish nevertheless I agree that people can accomplish more if they always doing something because always to do something will teach people new things, help people to do not waste their times for useless things, and help people to see their mistakes.

First of all, always to do something will teach people new things. For accomplish more people needs to learn new things. For example, if a student do not go to school he/she can not learn new things from his/her teachers so he/she can not be very successful on his/her homework or test. When a person do not know one word's meaning he/she should ask to another person who may knows this word or try to find definition of the word from a book or internet. Also,if a person does not like to try new things or to be active it will be hard for him to learn new things. Everytime people should try and try until there is no more things to learn.

Secondly, always to do something can help people to do not waste their times for useless things. A person who is not doing anything or inactive can not reach his/her goals or it can be hard to reach them. An active person's brain think better and faster than a inactive person's brain. This person will be careful to do not waste his/her time for the things that can be barriers on his/her way to achieve his/her goals. So, this kind of a person spends his/her time for learn more and achieve more. Always try is better than never try.

Thirdly, always to do something will help people to see their mistakes. A person who is always doing something can see what are his/her mistakes. Sometimes when a person doing something or try something can do it wrong but next time probably he/she will try another way because he/she saw his/her mistakes. For example, when a person get a test he/she can do some questions wrong but if he/she decided to retake the test this shows he learned what he did wrong and he will try to find right answer. Life is all about making mistakes and learning from them. People can't learn everything without making mistakes.

In conclusion, I agree that people can reach more goals if they always try and do something. Always to do something will help people to see what mistakes they did, learn new information, and do not waste their times on useless things. When a person achieves more he/she becomes closer to success. Most of the time to reach success brings people good things. Successful people may feel more happy and calm than the unsuccessful people. Always to do something is important in this way. Life is short to stop and wait.",Female,11,White,463,543,521,30,5,104.2,45.95628966,29.83425414,162,543,Independent,Economically disadvantaged,Being busy,4.0,4.5,4.0,3.5,3.5,3.0,4.0
200671752EE0,"Do we accomplish more if we are always doing something? Yes we accomplish more if were always doing something but only if what we're doing benefits us. Why? Because if we're always doing something then we would succeed more in life, we would always be active and doing something productive. But it also depends on what kind of activities your doing and if what your doing is going to benefit you later on in the future. Because if what your doing isn't benefiting your future then there's no point of doing something that doesn't help you out for later on in life.

For example sports, if your always doing sports then that would be great way to benefit your future and also a good way to stay active. The reason I say this is because by playing sports you could have many different opportunities. Like getting scholarships into different universities, especially if you're great at playing the sport. And also it's another way to help you stay fit because your always doing some type of exercise in any kind of sport. So that brings me to my next example.

Another example is exercising, if you like exercising, going to the gym and just being active in general then that's another great thing to do that'll help you accomplish and benefit your future. Why I say this is because by being active it's going to help you to always stay fit and healthy. And how that benefits you in the future is because whenever you get older you won't have that many health problems or issues with your body so you'll always stay fit. What'll also help out a lot is by always eating healthy so that's something else you could do to help you accomplish and benefit your future.

Also working is something you could always do that'll help you accomplish more in life. Why I say this is because if your always working then that means you'll always have money. And having money would help you out in a lot of things. For example, it could help you out in school, for a car, food, clothes, and etc. Or you could also save up money for whenever you might need it for an emergency. It'll also benefit you by always having something to do so that way you won't just be home doing anything.

So in conclusion, doing something is always going to help us accomplish more in life. I don't believe inactivity serves a purpose because you won't accomplish anything if your not doing something that benefits you. You always have to be active and doing something productive if not you won't be successful in life. That is why I say that you have to do something that benefits you so you could succeed in the future. So yes, we accomplish more if we are always doing something.",Female,11,Hispanic/Latino,451,501,480,26,5,96.0,44.72996279,28.14371257,141,501,Independent,Not economically disadvantaged,Being busy,4.5,4.5,4.5,4.5,4.0,4.0,4.5
33DEFCDAD05F,"Technology has made a positive impact in our lives. Technology can be used for many things whether it's browsing the web, shopping, or planning for vacation. Technology has had impacted us negative wise and positive wise. For a lot of people they see technology as a huge positive impact for people.

People may think now that technology is out people contact other people way less but high chance that's not the case. People that do things like gaming or just connection with others online make it way easier to meet other people. For example theres websites like Omegle where you just go on and get into a voice chat with a random person around the country or maybe in other countries. There's also many other websites or apps where you can contact random people or even friends and family. There's also gaming, for gamers you usually go into lobbies or servers with thousands of people which is also an easier to contact people. For example if you own a PC, a PlayStation, or even an Xbox there's many games where you can contact people if you're making new friends or even just playing with them for as long until someone gets off. I have heard many stories where people have met online and grew a friendship even though they've never met in person they probably have each other's social media and numbers.

Many people use technology to shop. Online shopping is an easier way of finding things you need or even things you want. People commonly do online shopping only because it's just easier and quicker. Some people may have a busy schedule so it will make things easier if they're running errands or even just going out and spending time with family or friends without having to add something else to their list of plans. Online shopping is probably something everyone has done multiple times and many people can agree that it is easier and quicker than driving out to the store and searching through the whole store to find the things you want or need.

In conclusion of this technology has made a positive impact in our lives in many things that people do on a daily basis. Technology could be seen as positive or negative depending on how people see it but in my eyes it's done a good job and has definitely made things easier for a lot of people.",Male,10,White,385,415,404,18,4,101.0,75.2835443,43.13253012,179,415,Independent,Economically disadvantaged,Impact of technology,4.0,5.0,4.0,4.0,4.5,4.0,4.0
A91E59572DA0,"Technology had been a useful tool for the man to make his life easier. Cellphones, smart watches, and more make information very accesible and easy to find. But technology also has a negative impact on social relations, as it reduces human contact and promotes lazyness. The main target is the youth, which is more exposed to technologycal advanced nowadays.

When we think about technology, social media comes related too. For some, especially teenagers, these websites work as entertaining platforms, useful to share memories and talk with friends and new people. While these can make contact easier, the risks become higher when social media is not used properly. Posting personal information, such as your adress, cellphone, or location, is an irresponsible action which could lead to unsafe situations. Websites like Facebook and Instagram make identity theft easier: as they reduce human contact, people can take advantage of the users by introducing themselves first as a 'new friend,' to then execute their real intentions. For instance, kidnap and monetary robbery are the most popular cases that come out of social media.

In addition, social wesites and items like phones can be utilized in the way. There have been lately a lot of users claiming that their phones are listening at all moment, a tactic which could be useful to spy on people. As this theory has not been confirmed yet, it could be easily enforced by anyone with the required knowledge.

Productivity is another factor influenced by technology. The main purpose of most technological items is to make our lives easier and, in some cases like hardwork larbor, it can be very efficient. But when people start spending hours with these objects, the development of dependency towards technology could increase. Video games, for instance, have become the addiction of many kids, who stop performing their typical responsibilities in order to play with these. This is another way human contact is reduced, which will have a significant impact in their future lives. To develop social skills at a young age is very important for kids to succeed in the future. It's true that many factors affect the achievement of succeess and it can not be predicted by the skills a person has; but what it's true is that we are always going to be exposed to social interactions and it's neccessary to learn how to manage them.

A solution for this problem could be in the parents' hands. Enforcing limitations on the use of technology not only will create a stronger relationship between them and the children but it will be beneficial for the kid's future.

After all, technology has become a advantage for many of us in our daily life. However, it's important to stay aware about its risks and exercise a responsible behavior when using it. Moreover, we shouldn't let it take total control of our actions and enjoy in-person relations more. ",Female,11,Hispanic/Latino,441,488,481,25,6,80.16666667,103.142182,50.40983607,246,488,Independent,Not economically disadvantaged,Impact of technology,5.0,5.0,4.5,5.0,5.0,4.5,4.5
E70DD00622DB,"From my personal experience back in middle school, I had to use technology for many different reasons. One of the reasons were for research purposes. I was able to use technology as a tool to provide information on my assignments and projects. So far technology has made a positive effect in my life not only in school but in real life. Technology has helped me accomplish and complete many difficult task in life. I believe that technology has made a positive effect on people's lives; consequently, it makes peoples lives a lot easier and convenient.

One reason that technology has a positive effect on people is that they are able to study without having to go out on a library and pay for books or a tutor to teach them. For example, people who are disabled or unable to travel out of their houses are able to go online and research for books and look for a site to teach them what they need to learn. The availability to go online and research for information also helps students who are too busy to go outside and ask others for help. Many schools started providing laptops and iPad's to students who are unable to connect online. Schools are using these electronics because they provide an easier way to help student learn and complete work.

Technology can also help people do many other things online other than researching for information.

Furthermore, technology may also be used as a way to shop whatever and whenever. For example, eBay and amazon is an online shopping website for many things such as: furniture, clothes, food, and many other reliable things. This has made it a lot easier for people to purchase items that they want at any time. Online shopping helps a lot of people who are looking for items that cannot be found in local stores. For example, many custom equipment's and items can only be found online and in places that may not even be located in your place. Not only does technology may be use as an online tool, it may also used as a way to communicate to others in the world.

Lastly, communication has been a major part of the world; in addition, technology has been one of their ways to communicate. For example, our military has improved a lot throughout the years due to the inventions of many technologies. Technologies such as: cellular devices, radar, satellite and many other communicating tools has helped us win wars and accomplish many things around the world. Another reason why technology has had a positive effect on people is that they use it for emergency purposes. For example, if an adult needs to call out of work for the day because of family problems, he may use his cellular device to call and inform his supervisor about it.

Many people say that technology is a way to showcase yourself as a lazy person and I disagree with that. I believe that technology allowed many people to accomplish and complete many task. Technology is not only important to the civilians who are either students or adults who are working in the industry, but it is also important for the military who are using these tools to provide protection to our country and keep our people safe. In conclusion, technology has had a positive effect on people's lives and that is due to many reasons such as online researching, online shopping, and wide spread communication.                 ",Male,11,Hispanic/Latino,571,585,580,27,6,96.66666667,51.36363636,37.77777778,221,585,Independent,Not economically disadvantaged,Impact of technology,5.0,4.5,4.5,5.0,4.5,5.0,5.0
1D327ADD95AA,"Whether the limitation of human contact due to technology has had a positive or negative effect on people's lives, is a constant topic of discussion. Technology is an amazing tool, with countless positive effects. It has made society what it is today. Without it people would not know life the way that it is now. Technology makes many activities in life possible, which before would have been impossible. The first man to walk the moon did it by the means of technology. The vehicles which allow people to commute to work, or travel the world, were also created through technology. Buildings are powered with technology and our houses are to. Our whole world is surrounded by technology, and without it people would not live life the way that they do now. If a day came when people would have to give up all their technological advantages, life would be a catastrophe. People would not be able to get to work, there would be no way to talk to friends or family that are far away, the whole teaching system would have to be rebuilt, and many other countless horrible things would occur if technology where to be taken away from the people. We are highly dependent on technology, and that is not a negative thing. People have learned to live with it, and it makes life much easier than before the technology era started.

Easy and fast communication is one of the most important contributions that technology has provided to the new world. People's phones, computers, and even TV's now can connect everyone to loved ones. Human contact, is now even easier than it was before technology came into play. Now people can call a friend, and talk with them for hours, no matter the distance. People can text with family and friends, and it is even possible to constantly check on them with video calls. Before technology, people would have to travel many miles to come into contact with friends and family, but now thanks to technology everything has changed. Now, looking at family and friends through a little screen is a possibility, and not just something that happens in a futuristic TV show. People can tell close ones how their day is going, what has been going on in life, and every other small detail that could possibly pop into ones head. Losing human contact because of technology is not something to be worried about. Technology does not get rid of human contact. What it actually does is create the contact. It makes it possible to build bonds with people no matter the distance, and it also allows people to connect with loved ones when ever wanted.

Technology is also a very important part of current entertainment. Netflix, Apple Music, YouTube and many other apps keep people entertained for hours non-stop. Watching movies and listening to music, was something that used to be only done at concerts and at movie theaters. Thanks to the positive effects of technology, now a day enjoying good music, and movies is something that can be done at home. The best thing of these apps is the low prices, and thousands of content, which is updated over and over again constantly. Having easy access to good music and good movies while laying in the comfort of home is an activity which most people in the world would enjoy. These apps also make it possible for people with no connections to the world of entertainment to pursue a career that will be enjoyable. YouTube is one of the leading online video streamers in the world. People who want to pursue a career in entertainment have the opportunity to post their videos online and gain fans. This is something which would have been impossible before the technology era.

People love completing tasks while comfortably laying in bed inside home. Technology is so amazing, that it has made this possible to. People need to shop, but sometimes the stores which have the items that are needed are not close to their homes. Technology knows this, and it has made it possible to go to thousands of sites online and purchase anything. It is possible to buy shoes, clothing, electronics, and even food. When people shop in a normal retail store, it is possible to find sales and the items needed, but shopping online is a totally different experience. By shopping online it is much more likely to find the best possible price for an item, due to all the options that are available. There are also many items which are available for purchase online, but not available at stores. Shopping online is also surprisingly a very entertaining experience. Browsing thousands of items, and ultimately finding the best price is an activity which can keep people entertained for plenty of time. Shopping online is much easier, and comfortable than actually going to the stores to find the items that are needed.

Technology is a constant growing phenomenon, which needs to be constantly worked on. It is the fuel that powers the world. If it were to run out, everything would stop moving. With the technological discoveries that are being made every day, people are living longer lives, the depths of the world are being discovered, and new ways to sustain earth are being presented. If the way technology is growing continues at the pace it is currently going at, the world might find ways to cope with global warming, and maybe even find the cure to deadly diseases like cancer. This is how important technology is to the world. It goes to the point that if it is studied correctly it can save peoples lives, and even the world. Technology has already changed the world forever, and it will be no time at all for another invention to change the world once again. These changes will be for the good, and technology will prove to positively change the world once again.",Male,11,Hispanic/Latino,925,998,994,55,5,198.8,59.95436221,34.76953908,347,998,Independent,Economically disadvantaged,Impact of technology,4.5,4.5,4.0,5.0,4.5,4.5,4.5
24BBFA26D076,"In the new modern technology world, many people use technology as a superior tool that will help us in our everyday life. I agree with the limitation of human contact to the use of technology has a positive effect on people's lives. This is because many people use technology to find a lot of resourceful information, to learn about the world and to learn new things that will be helpful in the future. Also, technology gives students and adults good resourceful information to study, to create projects and to learn about any topic.

First of all, many people use technology to find a lot of resourceful information to learn about the world and to learn new things that will be helpful in the future. In many cases many people have a hard time understanding what teachers try to teach so they decide to look it up and learn more about the topic. The technology we use now in day is way more modern because there is more information we can use to become better learners. For example, as a students that speaks two languages most of the times I would misunderstand words and I would look them up to know what it is and it's meaning. I also try to look for many topic that will help me with projects or homework to have good grades and become a better student. The internet bring many resourceful information that will help anyone at anytime with projects, homework, work, or any other event.

Secondly, technology gives students and adults good resourceful information to study, to create projects and to learn about any topic. for example, many adults and students used to go to the library to find good information about a class or work project and it would be difficult at some point for students who lived far away from libraries. The students that have to drive or even take a bus just to go to the library have waste time to come and go. In other words, the internet bring great resourceful information that can be easy access at home even by a smart phone device. The smart devices bring apps to find incredible information and you can even find very interesting articles that will also help you. In other words, many people have to find new ways to have a good information by there side, as many adults like to read news articles they can easily access to online news of any kind. The internet is a very fascinating place where we can find many things like, recipes, news, information to learn about the world.

On the other hand, many people disagree with the idea of technology limitation and they have a negative effect on the topic because they think that to much technology can eventually damage your brain and your eyes. This fact is not true because many people find technology very fascinating it has created many thing in life and we are surrounded by those good ideas. Also, many parents think students or other people can lose sight from being on a smart device too much. This fact is not true because a rest for the ayes can be done to have a normal sight again. Many people who think it's a negative impact is because they aren't very familiar with the new technology and most of the time they don't know that everything that is around them is build mostly because of technology. In my opinion, technology is a great place to start ether because your stuck on something or you don't know anything about the topic. The new generation of people is surrounded by new ideas and technology is the biggest resource we have to learn from ideas come from the internet for us to learn from them.

In conclusion, technology is a great limitation of human contact to the use of technology has a positive effect on people's lives. Technology brings out many ideas that can also develop other new ones and will be helpful for new information to answer questions in the future. Many people prefer the internet for better resources to other shop on line, to find books, and event to play games without having to interrupt people and be on your own side without people messing around your personal space.",Female,10,Hispanic/Latino,676,725,718,27,5,143.6,63.15378688,31.72413793,230,725,Independent,Economically disadvantaged,Impact of technology,4.0,4.5,5.0,4.5,4.0,4.5,4.5
88816FFD8A5C,"Online Learning

Who doesn't want to be left in the house all day using an electronic device with online access? Although students save money and time by taking classes from home. It is not beneficial to learn online because students lose focus of what they are learning and tend to easily get distracted when they're in their house, students can't have a one on one conversation with a teacher nor discuss with classmates, and students could also face technical difficulties when attending online classes from home.

Losing focus has a big impact in learning. For example, my friend Generic_Name sent me a text message last month, right when I started studying for my history mid-term exam. I responded back to Generic_Name's text, and without realizing we kept on messaging past midnight. This shows how easily students get distracted at home with a cellular device and how easy it is to lose focus. The next morning I decided to get to school an hour early and review one on one with my teacher.

Secondly, taking classes online doesn't just mean you don't have a physical teacher or instructor that you can question lively, but also means that it will be challenging to find answers to your questions. I remember in my sophomore year a kid in our econ class named Generic_Name was really sick for a while so he had ended up taking classes online. Generic_Name was a straight A student, always was first to answer the teachers questions and he also used to ask questions. Thankfully Generic_Name healed towards the end of the year and I asked him if he benefited and if he recommends attending classes from home. The straight A student Generic_Name said it was a real challenge to take the class online and he finished the class a month after he should have with a B- average. Generic_Name had also said that one of the most difficult parts about attending a class online was his laptop not functioning at all times, and not having a teacher you can talk and converse with one on one.

Finally, using your personal computer and internet connection can always be an issue. You can't always depend on your computer, not just the computers but even people aren't perfect. Another main problem Generic_Name had when attending classes online was his laptop and network connection. Generic_Name explained that he always faced technical difficulties. When his laptop wasn't functioning right, the only thing he could do was to stop the lesson and wait for his dad to get the laptop repaired, which took time. Each month, either his laptop or internet connection would not cooperate, so he finished the class a month later than everyone.

In conclusion, Everyone would like to save money and time by taking classes from home. But getting distracted, not asking your teacher questions when you need to, and wasting money on laptop repair is not worth it at all. Learning from a far distance could also be an option but when asking if it is beneficial, we can say that it is not by looking at the listed reasoning.    ",Male,11,Black/African American,526,530,520,23,6,86.66666667,74.96463832,44.52830189,236,530,Independent,Not economically disadvantaged,Distance learning,5.0,4.0,5.0,4.0,4.5,4.5,5.0
4E6BBA69EAFC,"Students wouldn't benefit from attending class from home. They would need to be present in class for the teacher to physically see them.

Students would be more focused on there work in class when the teacher gives an assignment. There wouldn't be any distractions from there family members so they could finish up there work. There will be a teacher who shows how the work is done when help is needed. Work will be done more quicker in class because that s what the student is most focused on.

In class you can meet new friends so you can interact with them about the work thats being done in class. You and your friends can help each other with the work if one of you are having problems with it. You can help each other if one of you miss class and need the notes or homework.

The teacher would be able to keep an eye on the student to see if he's focused on his work. The student could be doing something else while the teacher is trying to teacher the student through video. The teacher would be able to see what the student is doing in class. More progress would be made with the student in class.

Students should be present in class rather then attending by video. They would be more focused on there work, they make new friends, and the teacher would be able to keep an on the student so they don't be distracted. Students would benefit more when attending class physically. ",Male,12,Hispanic/Latino,248,261,257,16,5,51.4,35.27563815,38.31417625,100,261,Independent,Economically disadvantaged,Distance learning,4.0,3.5,4.0,4.0,4.0,3.5,5.0
5F998012DDCD,"The argument related to distance learning has often been a topic of interest to many people. Nowadays, many scholars support the idea of distance learning and it has been getting a great acceptance among many societies. Although some people think distance learning make students careless in doing their work, nevertheless, students would benefit from being able to attend classes from home because it saves the time they would spend by going to school and makes them more effective and efficient in their technology usage.

To begin, students would benefit from being able to attend classes from home because it saves the time they would spend by going to school. For example, it can take ten to forty minutes for a student to go to school. This shows that going to school takes students' precious time and makes them unproductive. Clearly, no one wants to waste his/her time on transportation.

Furthermore, students would benefit from being able to attend classes from home because it makes them more effective and efficient in their technology usage. For instance, students who spend their time on technological materials know more how to accomplish technology related tasks in a short period of time compared to students with no experience. This proves that taking online classes prepare students for higher education and learning. Obviously, the use of technology is growing fast in this age.

Overall, students would benefit from being able to attend classes from home. This is because distance learning saves the time they would spend by going to school and makes them more effective and efficient in their technology usage. In conclusion, schools have to offer distance learning as an option for students to attend classes from home.",Female,12,Black/African American,270,284,283,14,4,70.75,57.39506482,41.90140845,119,284,Independent,Not economically disadvantaged,Distance learning,4.0,4.5,4.5,4.0,4.5,4.0,5.0
0E24F8C90CFB,"Some students may think that taking classes online is the best thing for them. Meanwhile, the other half of students think going to school suits them the most. I think students would benefit from being able to attend classes from home, because it would be easier for them to stay focused, give themselves as much time as possible, and get to know what the best and correct choice is for them.

Majority of the time kids struggle focusing in a class full of friends and strangers, which causes them to lose focus in the assignments they're given and start having conversations with other classmates. Some know that they're the type of person that can't keep their mind in one certain place, so their minds wonder off into a whole different planet. Meanwhile the other half of students know that they're capable of staying focused no matter what the situation is. Doing work online though, prevents all of that from happening. It gives students time to think about what exactly it is that they're doing and need to get done, and prevent any mistakes from happening on a certain task or assignment. Staying focusing is very important, if students stay focused then they'll get things done in time or even done before the actual due date or time, and not have to worry about doing it later on.

Giving them enough time as possible to get tasks done is important. Most teachers will give you a certain time limit to get things done, which of course will cause them to get it done in the certain amount of time they were given so that they get it all done as quick as possible. Online on the other hand, can also have certain due dates and times that you have to turn work in but you're more relaxed and calm about things because you have more time in your hand and can think things more in depth, instead of just having to think of things right out of the top of their heads. Doing things on their own time and paste is best for any student, they can find it easier to concentrate and don't have to think oh no I still haven't finished this, or it's almost time to hand it in but i'm barely done with the first section.

As students spend more time alone, they sometimes tend to think about what's best for them as an individual. Some might say that, they work better independently, because they know they aren't able to handle being around other students 24/7, losing their ability to focus, or just hate being around people in general because they know what others are capable of. Whereas, other students may think the opposite and feel like they can work being around other people no matter what type of situation they're in. Just working alone can get them to really go in some deep thinking about what's the best descision for them and know what's going to be the best choice in the future or even in the present.

In conclusion, I think attending classes from home has plenty of benefits, like giving students more time to think, having a lot more time to focus, and getting to know whats best for them. Just imagine being in a class full of 100 students everyday, all talking at the same exact time and yelling across the classroom trying to get friends attention, what would you do? ",Female,11,Hispanic/Latino,532,595,578,19,5,115.6,57.66275753,38.48739496,229,595,Independent,Economically disadvantaged,Distance learning,5.0,4.5,4.0,5.0,4.5,5.0,4.5
A5DCC6948E4E,"I was surprised when I read an article about Space X, and how they found a revolutionary way to send rockets to space and back to Earth. Space X, a company that did not have experience in how to construct rockets, started from an idea that still today is their main goal, this goal is to make a travel to space accessible for more people and not for just a few. However, a great project requires a great effort and dedication. Space X had many problems at the beginning of the project, the principal problem was how to land a rocket again to use them in future missions, they fail many times losing millions of dollars during the investigation, nobody believed they could accomplish it. Space X, is currently one of most successful companies wining millions of dollars by sending satellites to space. Failure always plays a really important role in the pursuit of success, without failure nobody could learn from their errors, failure is helpful to keep enthusiasm and try to complete it, and failure is really important to keep innovating.

Everybody tries to have success but many have fear on failing in what they are trying to do, people believe that if they try and fail, they will lose something, but the thing they do not think clearly is that if they never failure success will never be in their life. Failure is a opportunity to learn from the mistakes and how to correct them. For example, I had to create a rocket for my science class it was for a final grade, I could not find a effective way to make the rocket work, I was so nervous the presentation day was really close, so I made a prototype of my rocket to see what could go wrong and to find the most effective rocket, the prototype was a complete fail, the rocket not even could go up. I did several errors in my prototype that then I fixed in my final project, the day of the presentation of my rocket everything was perfect, because thanks to the failure I could fix the mistakes and had success in my project. Learning from a failure and knowing how to fix the mistakes is the best way to have success.

Sometimes enthusiasm is the reason why we do things, when somebody is enthusiasm in something, they can try even if they failure and sometimes failure is something that some people can not tolerate and they try their best to reach that goal, people who are really constant and know what they want, they do not fear to things that somebody else could fear. Enthusiasm can make people effort even more for what the want, and failure is the complement of enthusiasm, because if a person failure the enthusiasm to reach that goal gives him motivation to keep trying until reach the goal or success.

Innovation is something that happens every day, a new phone, a new car, all this is part of innovation. companies innovate to keep ahead from others, and some companies failure but sometimes this failure is not bad at all because this companies how failure understand that they were doing something wrong with the direction of the company. This allow them to create new services or products and be in a better track that they were before. For example, a person has a farm that produces only corn during summer, he provides all the stores in the county, but one day the demand of corn goes down and the farmer does not know what to do, he failure with the corn production and needs to sell the farm to pay tax, but then an extraordinary idea comes into his head, why not construct chicken houses and provide that chicken to big companies, the farm will produce more money, and will be a more stable farm. keep innovating even if we failure is the best form to have success.

Failure is one of the things is going to be with us the most part of our lives, the only thing we can do is to learn from it, if we go from failure to failure just be enthusiasm in complete our goal, and keep innovating. Failure is important because it gives us experiences that we will never forget and will help us react in a better form to problem that we could have in the future.               ",Male,12,Hispanic/Latino,720,739,739,20,5,147.8,56.45654478,33.96481732,251,739,Independent,Economically disadvantaged,Success and failure,4.0,4.0,3.5,4.5,4.5,4.5,5.0
6AC5C9BCE8D1,"One of Winston Churchill famous quote is ""success consists of going from failure to failure without loss of enthusiasm"". Some people think that success consists in the good things that people do. They feel that if people failure in something they were not good enough to obtain what they wanted to do. I believe that failure without lose the enthusiasm is the key for success because you learn from mistakes, obtain what you want, makes yourself a better person.

One reason why is that if you failure in something you will learn from all mistakes that you did on what you was doing and what kept you in failure. If you are smart and you learn from bad decisions that you took in the past, you will gain everything. We all take bad decisions but once we take it, we most have to learn from all obstacles and experiences that face us. So don't worry or be sad if you failure in something you always will learn from it. We are humans and not for be humans we are perfect, we all take decisions in our lives and sometimes are the wrong ones but always is an experience that we live.

Another reason is that if you failure and never give up you will obtain all that you want to do in life. There are going to be many negative people in your life and they will tell you ""give up and that stop do what you want"", but not let them be an obstacle to keep fighting for what you want. Once you obtain what you want, you will realize that failure is not an obstacle to keep you positive and to gain everything you want. Sometimes you will face with difficult obstacles but if you really want to obtain what you are doing, that is not going to be something for give up easily.

The final reason is that you are going to be better person if you obtain everything you want but in a positive way. If you don't let failure win each day you will be a better person and someone that keep fighting for their dreams. You will show to others that give up and failure is not an option to be a better person and to obtain everything you want in life. Everything well that you do, it will guide you to the success.

As you have read failure is not an obstacle to obtain everything that you want. Only when we realized that give up and not fight for our dreams is not an option. We will see the results of everything we were fighting for each day. On that day our society will be a better place and we will have many people that fight for their dreams and they will learn that failure is just an obstacle not an option to give up. ",Female,12,Hispanic/Latino,460,484,482,21,5,96.4,39.87778798,29.54545455,143,484,Independent,Economically disadvantaged,Success and failure,4.0,4.0,4.0,4.0,4.0,3.5,4.5
4030DE7F410E,"Generic_Name

English Writing SOL

March 12, 2020

Success in life.

Former British Primer Minister Winston Churchill once said that ''success consists of going from failure to failure without loss of enthusiasm. Life get harder when people are trying to reach their goals. Not losing the enthusiasm is the key for people to get success. Sometimes when people fail they gain skills that can help for the future. Success consist of going to failure to failure without loss of enthusiasm because people earn experience and people get proud.

First, Success consist of going to failure to failure without loss of enthusiasm because people earn experience. For example, Generic_Name was trying to be a teacher and move out of her parents house,her parents were telling her that she cannot move out of her house because that will be a lot of responsibility she did not pay attention to their advise and she move, After three months she didn't have money to pay her bills and she give up with everything and move out with her parents. Even thought people do not reach their dreams they learn from what they did and also that can be beneficiary for the future. To restate, people get experience that will help them for later.

Second, Success consist of going to failure to failure without loss of enthusiasm because people get proud. For example, Generic_Name want to pass her math exam but she wasn't sure if she could pass the exam because it was the harder exam and because of that exam depend if she graduate or not, she study for 2 days and she get to pass the exam and she graduate. When people try hard they can accomplish their goals even through is difficult. To restate, working hard and not giving up is the way to be success.

Some people may say that success do not consist of going to failure to failure without loss of enthusiasm. This point has merit because what would people try again if they fail the first time. However, success consist of going to failure to failure without loss of enthusiasm because life is about fall and stand up. For example, Generic_Name was a man that use to have the better cars, the better phone, the one with the most money in his country, one day one girl came and he fall in love and she stole all his money and he ends with no money and no friend and sleeping in the streets, One year late work at a Barber shop and he gain to recover his life. To restate, even though life gets hard and people treason us with out knowing how hard we work for the stuff that we have life keep going and we can get over it.

To summarize, success consist of going to failure to failure without loss of enthusiasm. For example, people get new skills and experience, also people get proud of themselves when they accomplish they goals and dreams that they are being achieving. And lastly, people dont want to try if they know they are going to be success. Therefore, Failure plays a important step of all the people life that people can never forget. Never loss the enthusiasm is important to reach our dreams.",Female,11,Hispanic/Latino,549,548,544,24,9,60.44444444,48.30219937,35.2189781,193,548,Independent,Not economically disadvantaged,Success and failure,4.0,4.0,4.0,4.0,4.0,3.5,4.5
F610B3CBF3DF,"Winston Churchill once said ""success consists of going from failure to failure without loss of enthusiasm"", Meaning success can only be achieved by having few mistakes along the way. Many believe achieving success means doing everything perfect and not making one single mistake, having a couple of mistakes doesn't mean failure it means progress to be successful because one can learn from the mistakes that are made and helps improve to achieve something better.

To be successful, there will be some mistakes in the journey but when those mistakes are made learning from them is the best way to accomplish your goal. For example, when one is constructing a house but have little knowledge on construction, the one building the house will mess up and fail at times but the best way to finish something is to learn from what went wrong. To clarify, to accomplish a certain goal, learning from the mistakes along the journey is the best way to do it. Not only learning from mistakes help be successful but it also helps improve one another.

Improvement is a big key in success. Failure will always have a role in success but it happens to help improve to become or do something better. For example, famous altheles in sports make mistakes in games all the time, but from the failures in the past, pro altheles train to improve more to become better and to not make the same mistakes again. In other words, failure may be the worse but it's a way to show what to improve. From mistakes made in the past one will become better or do better than expected.

Having a couple of mistakes doesn't mean failure it means progress to be successful. Failure will play an important role during the journey of success but you learn from mistakes and improve to be better, success isn't perfect, the little mistakes along the way are actually the things that make one get to the top and become successful.",Male,11,Hispanic/Latino,325,336,332,13,4,83.0,48.78866192,40.77380952,137,336,Independent,Not economically disadvantaged,Success and failure,4.0,4.0,3.5,4.0,4.0,4.0,4.5
210FF7C7E95F,"Students committing to a career at a young age comes with pros and cons. Some students might change their choice of what they would want to do. Not all students stick with the same career they wanted to be when their younger. Depending on how challenging the job might seem, they decide if they want to continue with it or they can change their decision to a career they might be more interested in. As their high school years pass by, students that take specific classes for that type of career could be a good idea. Knowing what type of skills are needed for their career is important.

The courses of study that are selected to guide a student to their choice of career that they chose at a young age could possibly be a positive or a negative thing.

Students that stay with the same career they wanted to be when their younger wouldn't be such a good idea. They should research more about the job before they commit to a career. Taking unnecessary classes for a job that you later don't want to do in the future is why you should think about what type of job is perfect for you.

Opponents that disagree with my claim suggest that its better to commit to a certain job at a younger age, however, your perspective on things change as you grow older.

Better to wait as you get older to choose the right career for you instead of making a mistake and think back if that is not something you would want to do. Students should have an extended time to actually choose what careers they would like to do. They should have options where they should be given some information about each job and be chosen that way.

Staying with one specific job might get dull and you would have to be going back to school to learn about another job you might be interested in. It's better to choose a job that will last with you for years unless if you are willing to go back and learn something different for a new career you'd like to take. At a young age, you see things differently such as when you see how easy certain careers are on television, magazines, or etc. It all changes once you get into the real world and face reality with what these type of jobs do once you're out in the field. When you're doing research on jobs and finding out which job you would enjoy doing is what you should choose as you get older because you know more about what the job is and what classes you would need to take and pass to get that job.

Those who think is a good idea for a students to think about a job at an early age, must probably know it by experience.

If they were that type of student that thought about which career path they wanted to do at a young age, must be happy with the job as the years pass by. I just think students should wait till they get to high school to think about their careers just to be prepared. Students should be educated about what job would fit their interests and match their personalities. Sometimes committing to a job at a young age can be something that a child had dreams about and could be something they strongly want to do in the future. I honestly think you have time to find the right career for you, find one that matches all of the qualities you are looking for.

Although, everyone has their own different opinions on what they think would be better. When I was younger, I wanted to be a doctor but, as I grew older all of a sudden I want to do performing arts or become a registered nurse. There are also those who wish to be a firefighter at a young age and later on become one. That's why I don't think it's such a good idea to be learning something you wanted to be when you were younger and then just change it. Students should be asked if this is the actual career goal they would like to do in the future, they should be given the time to make a decision before taking classes that won't be useful to them in the future. As I said before everyone has their own opinions and thoughts about committing to a career at a young age, I mean everyone's different and they can decide for what they think is best for them. ",Female,11,Hispanic/Latino,718,783,772,31,9,85.77777778,57.15454055,30.26819923,237,783,Independent,Economically disadvantaged,Career commitment,4.0,3.5,4.0,4.5,4.5,4.5,5.0
C3F3118898B5,"My sister decided to be a doctor at a young age and started to focus on that path. Now, she is a doctor. Choosing which path should be taken in an early age and preparing for it beforehand, will help a lot for the future. Although some people might argue students should commit to a career later in their life, students should commit to a career at a young age because it helps them to decide for their future early, it makes them focus on a specific goal, and they won't feel more pressured to choose a career later in their life.

To begin critics say that choosing their occupation later in their life is more beneficial because they will be open to more new options later than in a young age. To support this idea, a child decided to be an engineer when s/he was young, but suddenly s/he changed his mind and decided to be a surgeon. Should s/he choose what s/he wants to be now or should s/he choose what s/he wanted to be when s/he was young? However, it is obvious that choosing a career later in their life will only make them feel burdensome and their life will only be more intricating.

A more valid argument is that choosing a path to be taken at a young age will let you have a better life in the future. For example, a girl started to prepare for the career she had chosen when she was young and started to work hard for that. Finally, her hard work paid off and acheived what she wanted to be. This evidence is valid because preparing for the career in a young will let your life go smoothly, will give more free time in the future, and won't feel pressurized.

Although people might say that students committing towards your career and choosing it at a young age will lead you to a better life because it makes them to focus on a certain goal of their life, will make them decide what they want for the future, and won't feel pressurized to choose their career. People should consider deciding their path in a young age for their own benefit and betterment. ",Female,11,Asian/Pacific Islander,379,381,371,14,4,92.75,45.61381275,34.3832021,131,381,Independent,Not economically disadvantaged,Career commitment,4.5,4.5,4.0,3.5,4.0,4.0,4.5
2D91B36A3597,"I think it's a good idea for students to commit to a career at a young age. Sometimes students find it hard to decided what they want to be in future. Students learn more about what they want to be in future during school hours and doing what their enjoy. I also think students should choose their career based on what they can do best, For example some students are really good with computers and their not really sure what their going to be in future; Therefore learning more about computers can help the student decided whether to work with computers or not.

One reason why it's a good idea for students to commit to a career at a young age is students can learn more about what they want to be in future. For example, If a student wants to be a doctor in the future, they can start by volunteering at hospitals and helping at retirement homes. They can also visit professional doctors that can teach them more about being a doctor. The doctors can also tell them about the class they can take to help them achieve their goals of being a doctor.

Second reason why it's a good idea for students to commit to a career at a young age is students can take classes based on what they want to be in future. For example, If a student wants to be an Author and write books, they can take classes like English and Creative writing to learn more about how to write a paper and also how to write an essay. These classes can also help you to write your own made up short stories or a real life story.

The last reason why it's a good idea for students to commit to a career at a young age is some students are not really good with school work but their really good with sports. Students can join a sports team or club so they can focus more on being a professional athlete. For example some students in different countries don't have the chance to go to school so they focus more on playing sports because they know their going to be able to play at a higher level in the future.

In conclusion, I think it's a good idea for students to commit to a career at a young age. Students learn more about what they want to be in future at a young age. It's also hard sometimes for students to find out what they want to be in future. With the help of your Parents, School teachers, Counselors and other adults around the world, they can help you figure out what you want to be in future.",Male,11,Black/African American,605,462,455,18,5,91.0,44.65885097,31.16883117,144,462,Independent,Economically disadvantaged,Career commitment,4.0,4.0,4.5,4.0,4.0,4.5,4.5
C928D32FE5C5,"Are vacations a necessity to us and to our success? Why do we need them? While some say that inactivity gives us time to reinvent ourselves. Others believe that it instigates procrastination. Inactivity serves a purpose because it keeps us from giving up and it allows us time for new ideas.

Inactivity serves a purpose because it keeps us from giving up. For example, I was once taking a very long test that lasted around 4 to 5 hours. At first, I was just guessing my way through it because I was very tired and ready to give up. Then, we were given a five minute break so I got up and walked around a bit. After walking for a few minutes, I was energized and ready to finish the test. With my new found energy, I was very content with the test and my score. In fact, students who take mental breaks during long testing periods score 31% higher than the ones who did not take any breaks. In conclusion, inactivity keeps us enthusiastic about our work.

Inactivity serves a purpose because it allows us time for new ideas. For example, one of my friends named Generic_Name once did not go to school for three days. During these three days, she organized her school essentials and cleaned up her room. Since she was working on a project before the break, she had time to finish it and she even had another project idea for her science class. She obtained a good grade on both projects. In fact, students who have taken breaks during long tests, like the SOL, say that after their break they had a better understanding of the test. Even the workforce workers are encouraged to take a few days off. It helps the worker get more creative. Even the owner of a business need a vacation. In fact, around 56% of entrepreneurs say that they came up with at least one new idea after a vacation. Inactivity helps prepare our minds for when we are active.

Inactivity serves a purpose. Inactivity keeps us from throwing in the towel. it gives us a mental break; which, creates time for new ideas. Some believe that inactivity encourages laziness. However, it gives us time to rejuvenate our attitude and our mindset. If we take more breaks, to let our mind wonder, we would be more effective in anything it is we are doing. ",Female,10,Black/African American,388,404,404,30,4,101.0,67.2386406,46.03960396,186,404,Independent,Not economically disadvantaged,Being busy,4.5,4.5,4.5,4.5,4.5,4.5,5.0
85C54BD4D416,"Thomas Jefferson, writer of the Declaration of Independence and founding father of the United States, once said, ""Determine never to be idle...it is wonderful how much may be done if we are always doing."" In Jefferson's eyes, a world spent in constant work and motion represents a more productive and accomplished world. However, there is merit in a world that does not work without break and resolves to be idle at times. A world that is always working may also be a world that is burning out, diminishing the value of building connections and reflecting. A world that is idle when it recognizes its need to be has more value than a world that is always working, as it allows time for cognitive development and reflection, mental health, and inspiration.

In the body, the brain represents an entity that is constantly developing, creating new ideas, and planning for the future. If a human was always working, there would be no time to create new ideas or plan. The potential of the human brain would reduce, as the human brain would never have the time to step back and reflect on its past experiences and how it wants to reflect lessons learned from those experiences in the future. For example, if Thomas Jefferson had not taken time off to create new ideas and plan for his country before writing the Declaration of Independence, the United States would be very different from the way it is today. Every idea would be thought of on the spot, and the potential ramifications and consequences of each idea would not be carefully taken into consideration. In addition, the human brain requires breaks to keep working, just as the human body needs sleep to continue on the next day in a healthy state. Time spent idle does not equal time spent wasted; time spent idle is time spent reflecting, planning, and developing. Time spent being idle carries the potential to be a valuable learning experience to the human life, as well. In colleges, the requirements for acceptance do not only include academic excellence - they also include extracurriculars and attention to when the brain needs a break. If students did not take time off to develop, their potential for achievement in life would reduce. Therefore, a world spent constantly working does not always represent a world of accomplishment.

Some argue that if one is not always working, then one cannot accomplish as much as one can, as a minute spent idle could lead to a day spent idle, and so on. Contrastingly, if one is always working, then one has a much greater risk of crashing. Mental health is an essential reason as to why the world today does not and cannot constantly work as Jefferson wants it to. Many studies show that top students in classes, those who never stop working towards their goals, can have a greater risk of developing depression, anxiety, or addiction to drugs. This is because their brains cannot comprehend the constant work, and moves to other unhealthy tactics of releasing emotions. Several stories in the world detail the downfall of the most intelligent people, simply because the never took a break for themselves. Furthermore, if one's life is spent constantly working, one's brain is exposed to extreme competition and high standards. These two concepts are unhealthy for the human brain, as one may believe that they actually are not working hard enough and need to work themselves even harder, when reality shows that they already work themselves unhealthily. This concept ties in with the concept of unhealthy comparison, which further proves why mental health is one of the largest reasons as to why the world cannot constantly work. Those who always work also always compare themselves to others who are working, and often times do not take into account that what they are doing is very unhealthy. All of these concepts combined greatly heighten the chance in the deterioration of mental health. A world spent working constantly is a world exposed to bad mental health.

Finally, if the world is spent constantly working, then there is no time for inspiration of any sort. If one's brain is constantly in a working state, it will never spend time appreciating the beauty of the world around it and taking in inspiration for future plans. A prime example of this concept is the work of artists. If an artist such as Vincent Van Gogh or Claude Monet was constantly working, said artist would never spend time collecting inspiration, and the work of said artist would be mediocre instead of beautiful and inspiring. Inspiration flows from person to person, and if everyone was working constantly, no one would serve as a source of inspiration for others around them. Also, brainstorming represents one of the most important parts of formulating any plan for any person in any situation, and constant work does not allow time for that brainstorming and inspiration to occur. In schools, teachers emphasize the necessity of brainstorming before writing, and this concept is emphasized so much because inspiration is what leads to the development of mankind. Role models also result from the need for the world to take a break, as it allows for humans to gather inspiration from others and plan how they want to lead their lives. Thus, if the world was constantly working, there would be no inspiration. Without inspiration, the world would not be where it is today.

Cognitive development and reflection, mental health, and inspiration represent three of the most essential reasons as to why the philosophy of Thomas Jefferson cannot apply to how the world works today. Constant work leads to stunted development, deteriorated mental health, and no sources for inspiration. Without time spent being idle, the inventions, buildings, ideas, movies, and other parts of the world today would have never come to fruition. A person always working does not represent a person living life to the fullest. The United States and our world today would not be the same without time spent idle,",Female,10,Asian/Pacific Islander,997,1017,1008,43,5,201.6,59.18376236,32.84169125,334,1017,Independent,Not economically disadvantaged,Being busy,5.0,4.5,5.0,5.0,4.5,5.0,5.0
10490469631A,"People accomplish more for doing something. Being more productive helps people cut out bad habits like laziness. Motivation drives people to become better everyday. Making more progress depends on how much a person accomplish their goals. We do accomplish more if we are always doing something because of being more productive, motivated, and making more progress.

People being more productive become more committed on what they do. Being more productive helps people cut out their bad habits. For example, people who go to the gym everyday to work out is being productive. It explains that people can find something better to do rather than doing nothing. They do more things to improve and maintain their health. It is very important to be more productive.

Everyone needs motivation to get better everyday. Motivation drives people to become a better version of themselves. For example, a lot of sports athletes want to get better everyday and achieve their goals. It explains that athletes need motivation in order to become more successful. Everyone else needs it to improve and be a better version of themselves. Motivation leads to more committment and better results.

There is more progress being made. Making more progress depends on how much a person achieves their goals. For example, entrepreneurs making more progress means that they become more successful. It explains that entrepreneurs need to make more progress so they become successful in their businesses. People need to recognize on how much they can do to make more progress. Making more progress is very important for those who want to become great for what they love to do.

Some people may say that inactivity also serve a purpose because it provides less stress, more rest, and being alone. However, we accomplish more if we are always doing something because of being more productive, having motivation, and making more progress. It helps others to cut out bad habits and feeling more motivated to become better everyday so they can make more progress. People can do this themselves if they wanted to be great at something on what they love to do for a living. It is very important to accomplish more by doing something.",Male,11,Asian/Pacific Islander,350,364,364,28,5,72.8,55.27895811,31.86813187,116,364,Independent,Not economically disadvantaged,Being busy,4.0,3.5,4.0,4.0,3.5,4.0,5.0
3EE4C10E9149,"Can staying active improve your performance? Thomas Jefferson once said, ""Determine never to be idle... it is wonderful how much may be done if we are always doing."" Always staying active can improve your state of mind and benefit you in multiple ways such as tournaments or exams. Also, staying active contributes to mainly anything that you are working towards and trying to achieve. However, some people may say that staying inactive can resolve a lot of issues in ones life. Although that might be the true for some, contributing and staying active can also distract the person from life's worst moments.

First, staying active can change a person's state of mind. By making them see a different view point, one can focus more and not have any insecurity's. Many believe staying active can change ones mood and attitude. This can be a great tool for a student that is under a lot of stress over school and school work. Instead of the student staying home and watching television, the student can go for a jog, a hike, or to a gym, overall boosting his mental health. Being in a physical active state can be a get away for some, by being able to relieve and sooth the stress in ones situation. Although, staying physically active can benefit a person's health and state of mind, others might take a different approach and be mentally active. Some go for a run or hike, while others might use up their time to stay home and study or read a novel.

Second, others use the time they have to be productive and contribute to either themselves or others. Many use these two methods as a distraction, to make a person forget or lose track of what might stumble them. On another note, a person in a neighborhood might want to form a neighborhood watch group, to look out and keep his neighborhood safe. Staying active with your community can provide a chain in bravery throughout the community and accomplish a strong bond. Others can use this as inspiration and make something constructive and positive, while also distracting them from other problems and complications that they might be going through. More can be accomplished as a community that is active with each other.

A general misconception is that staying idle or inactive can serve a purpose. To accomplish something, mainly needs activity and productiveness. Some will say it is like a team, with a team you need everyone to contribute and stay active with each other. But if one is not active then he brings no purpose to the team, and does not accomplish anything. Although, people do believe that inactivity can serve a purpose, it cannot out weigh the fact the people that are active can achieve more then someone that is inactive.

To conclude, staying active can most definitely boost your performance in school work or in sports. It can also be used as a distraction, to block and take the mind off of other thoughts the person might be having. There are multiple ways staying active can benefit either yourself or others. It may also increase your self-esteem and mood, your mental health can be tremendously effected in a positive manner. Also, always doing something can be a good habit to have or making a list of chores to do, it helps to mature and organize yourself and your day. ",Male,11,Hispanic/Latino,541,575,569,30,5,113.8,61.2129184,41.04347826,236,575,Independent,Economically disadvantaged,Being busy,4.0,4.5,4.0,3.5,4.0,4.0,4.5
D9018539576D,"Technology has had the biggest impact on human interaction. Most people might say it's made a positive impact on people's lives while others may disagree and say it's had a negative impact on people's lives. There may be some pros and there may be some cons to this situation. Can the impact of technology be a good or bad outcome?

Let's start off with the pros or the positive effects technology has had on people's lives, now technology has made people's lives easier. Some may say because it's easier to access what they need easier online instead of heading to the market. Some may also say it's easier and faster to call your friends or parents, any family member really, instead of driving all the way to them, which is true. Watching movies on your phone instead of going all the way to the movie theater and pay for your ticket and it only being a one time thing. There are countless positives outcomes of how technology has increased over the years. The technology nowadays makes everything faster and easier on people's lives. Unfortunately, all these great, glamorous, fast, and easy ways have some downfall to them.

Now, technology definitely has it's flaws and negative impacts on people's lives. Most can say there's not as much human interactions since technology has been brought upon people. Communication is key when interacting with one another. Today most people are also glued to their cellular device, not physically but you get the point. Especially teenagers, they have a bad habit of not being able to put down their cellphone. Whether that being during school hours, at home when you're supposed to be doing work, and maybe even at work. The generation we have today is usually all about social media, and just being on their cellphone in general 24/7. Point blank there's just no physical, verbal communication anymore between one another. It may be causing a lot of students to slack in school, and it may not only go for students and teenagers, they're not the only victims. Some particular parents may be also glued to their cellphone just as teenagers. It's not their fault nor do the teenagers have any fault in this. All this is because of the evolution of technology. It's not pleasant to live in a world with not so much communication and everyone being constantly glued to their cellphone nor is it pleasant to do awful in school because you can't put your cellular device down. Now, these are just some reasons and examples why technology has a negative impact on people's lives. Can you imagine how many more scenarios like this happen daily?

Though technology has evolved drastically through out the years and is still evolving now as we speak, there's always going going to be positive and negative impacts. Technology does help and allow people to complete tasks without having contact with others. There's the problem right there, there's no communication. Even though there are some positive effects of technology that doesn't change the fact that there are more negative effects than positive. Technology effects each person a different way, whether that being in a positive way or whether that being in a negative way. It's all a mix, and by mix I refer to positive effects and negative effects all over the place. Some people may disagree or may agree whether it's a bad mixture or a good mixture. Cell phones and all technology can make it easier or harder for certain people.

Whether if it truly is a positive or negative impact it will not change what people think or at what position they're in. Some people just like taking the easy way out and not cope with what they are losing and missing out on, communication. Human communication and interactions are not it anymore. Everyone's opinion and saying on this dilemma is different, people's mindsets are different even their actions are different from everyone else's,but this is my opinion. In conclusion, that is why I strongly, and genuinely believe technology has a negative effect on people's lives.            ",Female,11,Hispanic/Latino,676,717,684,39,5,136.8,61.12062257,35.9832636,258,717,Independent,Economically disadvantaged,Impact of technology,4.5,4.5,4.5,4.5,4.5,4.5,5.0
48AC182E4ADC,"Imagine having nothing but sweet time on the palm for your hands. Wouldn't things be easier to do? Imagine the things you can get done with the right equipment. Technology allows such great effects in our lives.

Everything is easier to get, games, books, news, and even shopping would be easier for everyone. Say your teacher wants students to read a certain book but there isn't any left in class. What would you do?. Technology will allow students to download the book and still be on task with students. Some teaches don't allow you to take the book home but with any device you can simply download the book and still be caught up with the chapter. You wouldn't be behind.

Therefore, individuals like being updated whether it's about schools or any world news. Technology allows parent to see what's happening around them and even around the world. They don't like to miss the days news or any news. If they did, they can type the date and see what's happening. You wouldn't miss a thing! alerts will pop up on your device to inform you. Therefore, everyone stays connected to the world in any device. Technology, also allows you to stay connected with other, such as your parents and friends. Imagine having something really important to share with your friends but you don't know when you'll see them, they're just a text away. Let's say you stayed after school but forgot to tell your parents, just call them and tell them to pick you up a certain time. Information will be much easier to receive.

However, some parents say technology is a waste of time but once they try it they'll get many things done. The more we use technology, the more we realize it should have been something back then and how easy things would've been. Technology is for everyone to use not only young adults. It can even be used to keep babies quiet and calm. Some find multitasking hard, but with simple devices, we can do many things at once.

Getting things done makes people feel relieved,for getting things out of the way on to the next. It's like an endless cycle but with the technology we have now, we have much power in just our hands. It may be little power but at least we got things done in an easy matter. We may not see it now, but technology is a very positive effect on individuals.",Female,11,Hispanic/Latino,383,429,412,30,5,82.4,68.5,43.35664336,186,429,Independent,Economically disadvantaged,Impact of technology,4.0,4.5,4.0,3.5,4.0,4.5,4.5
6CE97E45BF79,"The past decades technology has been advancing and helping humans to achieve goals that looked hard to accomplish. Although some people say that technology have a negative effect on peoples lives because technology is making people to not socialize, actually technology helps the people to communicate with others that are far away and technology makes people's lives easier.

The people who said that technology has a negative effect on people's lives have their reasons. One of the most important reason and approved from experts is that technology is making people to not socialize. According to scientist now in days people rather to play on their electronic devices instead of going out. According to an article people expend at least 10 hours playing videos and using social media.

However, technology helps the people to communicate with others that live far away. A lot of people have now the opportunity to communicate with their family thanks to technology. Technology allows people to video call others and to have connection with others and socialize with people around the world via internet. A good example can be soldiers. Sometimes soldiers are out of the country and the only way they can communicate with their families is by video calls.

Also, technology makes people's lives easier because you can shop via internet, complete your work, and plan projects. Technology gives people an advantage to have an life without stress. In other works technology helps people to have better life. Thanks to technology we have the access to success in our lives.

In conclusion, Technology helps us all to have a better life and to have better communication with people we dont often see. dont you agree that technology makes our lives easier?

As you can see this essay is supported with reasons. thank you for taking the time to read this essay In hope that you think different about technology.",Male,12,Hispanic/Latino,293,318,315,19,6,52.5,47.44916576,46.5408805,148,318,Independent,Economically disadvantaged,Impact of technology,4.0,4.0,3.5,4.0,3.5,4.5,4.5
D91D25F55AD9,"This world would never be how it is now if it wasn't for technology. Technology has made a big change to this world. Most people think it has made a positive change, and others think it's made a negative change. Technology has helped schools and business, but also has made some people's life impossible. So maybe, some people are wrong maybe having technology isn't so great after all.

Over time people stop talking to each other. Stop focusing in school, families, friends, relationships, All because of technology. If there was no technology there would be no social media. People see thing online that will make then mad and always want put it on other people and it all makes it a big problems. The relationships with those people then gets broken and never want to talk to each other again.

Before technology was created, families use to have game night, the whole family would all be at the dinner table eating their food and talking about their days. They would go on trips and have fun and enjoy their beautiful moments with friends and family. They would have a nice healthy sleep. Now it's all different. People get home from work to go watch T.V. or be on their phone all night long. People don't have family dinner anymore. This is a big problems that has effected a lot of people.

When I was younger I remember my parents giving me a lot of attention. As I started growing up it started to go away. We wouldn't go on trips anymore. We all wouldn't be at the dinner table anymore. Everything started to change, then over time I started to realize it was because of technology. They were just so obsessed with it, they never got off it. Then I got my first phone and I understood why they didn't come out of it. You always wanted to know what was going on with the drama, news, Facebook, Snap Chat, etc. That shouldn't be how this world should be running. God created this world so we can all stick together, be nice to each other, and care about each other.

If technology wasn't created then maybe everyone would be happy with their life's. Everyday would be a happy day for everyone. Even though technology has made some good impacts, I still think it would be better without it. Life will never be the same how it was before without it. ",Female,11,Hispanic/Latino,372,423,410,32,5,82.0,58.05834718,43.73522459,185,423,Independent,Economically disadvantaged,Impact of technology,4.0,4.0,4.0,3.5,4.0,4.0,4.5
3CDE1D9E6E57,"One topic that is frequently debated in some societies is if schools should offer distance learning as an option to benefit their students. Parents would disagree with the thought of having their kids staying home and learning but I believe that students should have distance learning as an option and let me tell you why. Every student learns at a different pace, students often debate on showing up or staying home from school, and not all students require the same classes.

First reason why i believe distance learning is beneficial and should be offer at schools is because not every student learns at the same pace. Some students would require a little more time on an assignment as the others would not. I grew up in a community where teachers didn't ask if you'd understood the lesson, or if you needed help, they would just keeping moving forward, which had a huge negative impact in my grades. Having one on one lessons with teachers and getting the proper education without actually being there, but through a computer screen on the other side of the state is a game changing experience that students would love and should be willing to choose from.

Second reason why i think online or video conferencing is beneficial to students is because like most students, they wake up exhausted in the morning, and debate whether they want to go to school or stay home. Missing a whole day of school instead of starting at the time you want could really hold you back from getting your education. I have a friend who chooses to stay home instead of coming to school because he feels like once he gets to school no one helps him, but when he would take his classes online he would have all of his work done and still have time to start on the next lesson. Online classes are very beneficial to students who find school difficult.

Third reason to why i believe students should require online learning as a benefit is because not every student can get the subject or class required for graduating at their school. Many students shouldn't require taking all the basic classes if its not necessary, if a student is focusing on becoming an architect they should mainly take classes for that instead of classes to become something else. Online classes also give students time to reflect and explore more learning options.

As you have read i believe, that students should get the opportunity of getting online or video conferencing as it does help students to focus, get their work done, and farther their education. ",Male,12,Hispanic/Latino,396,441,438,15,5,87.6,84.88365198,44.44444444,196,441,Independent,Economically disadvantaged,Distance learning,4.5,3.5,4.0,4.5,4.0,5.0,4.0
05D237F606EA,"BENEFITS OF ATTENDING CLASSES FROM HOME

Talking to someone in person makes it more interactive, than talking on a phone. Imagine if there were no computers at home, what would you do? And how would one study?. Going to school, makes it more interesting and exposes one to a different world. Attending classes from home would help students get a better understanding of what is being thought, develop the skill of communication, and also join other school clubs.

Students would be able to understand better of what is being thought in the class. Sometimes when lessons are being thought in class, one might not get what the teacher said, he or she will then go back to the teacher or even a friend to ask for help. Subjects such as Chemistry, Culinary, Welding, Art and Fashion Marketing, needs more attention and practicals in class. For example, in a Fashion Marketing class where students are told to buy fabrics and sew a piece of garments as their project work. This project work will efficiently be done when helped by the teacher in class rather than it being done at home.

Not only will students get a better understanding in class, but also develop the habit of communicating with others. When students begin to associate themselves with others, they learn how to relate and react with the people around them which builds up a good relationship and teach them how to cooperate with other people.

Notwithstanding the fact that students would be able to get a better understanding of what is being thought in class and also interact with others, they would also be exposed to different school activities and clubs such as, Soccer, Basketball, Volleyball, Key Club, Science and Maths Club, Art Club, Dance Club, Drama Club, etc.

In school, they would become more active, develop good relationships, understand studies better, learn the habit of communicating with others and engage themselves in other activities that would help them in the future. Therefore, one would benefit from being able to attend classes from home.                                                                                                                                                                                                                                                                                                                                                                                                                                                                                                                                                                                                                                                                                                                                                                                                                                                                                                                                                                                                                                                                                                                                 ",Female,12,Black/African American,867,342,342,15,6,57.0,66.33226798,45.61403509,156,342,Independent,Economically disadvantaged,Distance learning,4.5,4.5,4.0,5.0,4.5,5.0,4.0
A1EC959B8C13,"Would it be surprising to know if students to know that students learning at home helps them not stress out as much? Stress is mainly caused by the students getting to much school work that cannot be handed in one night. Students complain about having too much homework and when working at home there is not any homework. Allowing any students to work on their own schedule help them become more motivated to work on their assignments. Students being educated at home gain more time to study and make up their own rules but responsible with it. Learning at home and not at school helps students to benefit themselves to get better grades.

One of the advantage of homeschooling is it can be done anywhere and at anytime. Because it can be done by a touch of a good night sleep, students rise up in morning fresh and have a flexible time schedule. The students can work around their parents schedule instead of the parent working around the student's schedule when it is time do some distance learning. Some students have trouble working at a school because they cannot understand the material at the pace set by teachers. The students cannot always work at the pace set by teachers. Distance learning allows students to work on their own pace and on their own schedule. Additionally, that there are no misguided rules about tardiness or how to dress. Because instead of worrying about the rules the students can focus on their studies. Distance learning can improve certain students learning process by having a more available schedule and by letting them learn in their own way.

When taking a test or notes at school there are many distractions that can make students lose focus on what they are doing. This is another reason that learning from home benefits students. Learning from home doesn't have the distractions that a classroom has. As a result of this, students won't lose focus on the work they are doing resulting in better grades. One of the reasons students get distracted in the first place is because they are in a class where other just fooling around which makes others who want to stay focus feel uncomfortable. If a student learns from home they will feel more relaxed and comfortable and won't stress about work. In school, you are stuck at a desk listening to the teacher's teachings for six hours and have a limited time to eat and take bathroom breaks. But there is other way around, if you are home, you can eat and do what you want when you want. Because of this, students will feel less pressured and get better grades then they would have if they were in school.

There are still a few reasons not to do distance learning. There many more opportunities with public and private schools. People from different colleges don't go to student's homes and try to advertise their career options. Making friends from home would be difficult without social interaction. Public and Private schools are great places to socialize during free time. If everyone goes home to attend school, funding for public schooling will fall and teachers will lose their jobs because of budget cuts. In public schools and private schools, depending on the teacher, cheating is hard to do. On the other hand, schooling at home, the students can easily look up the answers on the internet on a different device. So for all that matter it was you choose from not what want, it what you need.

Students should be offered classes online or at home because it is less distracting and less stressful. The flexibility of the time students are allowed to complete work would benefit the mental health and grades of the student. With a more flexible schedule, students would be more likely to succeed and make good grades. Even though socialization in the school environment allows students to make friends. The conclusion of the argument was that it is highly doubtful that the lack of interaction could affect the student in adulthood. Many students all over the world successfully take some, and even all classes from home. In the near future, school systems and all districts should provide distance learning.",Female,12,Hispanic/Latino,696,718,708,40,5,141.6,57.78121081,36.62952646,263,718,Independent,Economically disadvantaged,Distance learning,4.5,4.0,4.5,4.5,4.0,4.5,4.5
5D4D6519DF94,"Haile G/Selasie, one of the most famous long distance runners of all time, did not pave his way to success because he was born with it. He came from a poor family, and walked a long distance to his school everyday. When he started running, he was not good at all. He worked day and night to get to where he is. And when he speaks about his past, he tells the story of how he failed again and again a lot of times but he never lost his passion for his dream. And now he is one of the richest people in Ethiopia and one of the best record holders of Marathon.

Success is a dream for most and a reality for only a few. When it comes to how success is achieved, it creates a great question in all our minds and that is,""How can I be successful?"". Some say that success is achieved by going through failures without giving up or without losing hope. That is a truly arguable idea and some might think different. But I fully agree with that idea.

The fact that almost all of the masterminds that are known for their creations of the bulb, physics theories, telephone and many more of the things we take for granted at the moment told the story of how they tried and failed many times than they count. And that is one proof of the point that success doesn't come without failure.

There might be some people that argue this point by pointing out that many people have tried and failed and tried again but it didn't help them achieve their dreams. That is a good point but the fact is that failing is not the only thing that determines your success, but failing and not being discouraged is what really counts. If we plan to achieve a goal, we shouldn't lose our excitement for that specific thing we're doing, we should rather be more encouraged to try harder and to find another way to make it work.

For example, when we first built a rocket,it wasn't done in a day or in the first try. Engineers tried to fix the problem in the mechanical part. Scientists tried to see if their calculations was wrong or if the combination of the chemicals didn't work and many others tried to fix it but they failed more than a couple of times. By not giving up though, it was a success at last.

It might not always seem like it but failure leads to success. The main point is not giving up and not losing our enthusiasm. As the saying goes, ""If you fail once, try and try harder"". Never give up on your dreams and don't be discouraged by failure.                                                                                                                                                                                                              ",Male,12,Black/African American,580,473,463,24,6,77.16666667,50.35469632,44.18604651,209,473,Independent,Not economically disadvantaged,Success and failure,4.5,4.0,4.5,4.5,4.0,5.0,4.0
C4AAC1BB837B,"Does success consist of going from failure to failure? In some cases,yes, but not in all of them, it depends on what you want to succeed in. Some successes aren't always hard to achieve, you just need to know what steps you need to take and when to take them. For example, attending school on time and getting good grades could be someone's success and you could easily achieve that by going to school on time and paying to what the teacher says.

I personally do think you need to fail in life in order to succeed, on earth nothing is free, it needs to be earned and you earn it by always believing in yourself and never giving up on what you want in life. For example, Captain America, he joined the military and everyone made fun of him because he was too skinny and had no type of strength but he never gave up, he did what he was passionate about, which was saving people. He became the best soldier in the military and everyone who bullied him, ended up looking up to him. I think that's amazing, believing in yourself to do the impossible when everyone around you doubts you is honestly not as a easy as it seems. And you see how even Captain America had to fail in order succeed.

I believe that Churchills quote about having to fail in order to succeed and never loosing enthusiasm only applies if you're really into what you want to succeed in. Iv'e wanted to succeed in some things before but once something doesn't go as planned I just give up and let it be and I think that's only because i'm not really enthusiastic about it. For example, I love soccer but i'm a shy person and I can't play infront of people because of it. I also, love money and since I love money I work hard for it, I look for different ways to get it and I keep it managed so it never runs out. the difference for me between playing soccer and getting money is that i'm really enthusiastic towards about money and not as much for soccer. You can't and wont succeed if you're not enthusiastic enough about it till the end.

The reason people usually don't get to succeed on what they want is because everyone usually gives up after the first fail, they doubt themselves and stop believing they will ever succeed but that's where they're wrong because everything happens for a reason. Winston Churchill's quote has and keeps helping people open their eyes about success, fails, and how to work with both of them, by never giving up and having a lot of enthusiasm.

I conclusion, you do need to fail in order to succeed in life and it's for a goood cause. Although, it may be hard to keep pushing yourself fail after fail but sometimes in life that's how you get where you want to be, fail after fail. Also, be enthusiastic about it so it can keep pushing you towards the limit.              ",Male,12,Hispanic/Latino,511,536,516,20,5,103.2,48.39545455,38.99253731,209,536,Independent,Economically disadvantaged,Success and failure,4.0,3.5,3.5,4.0,4.0,4.5,3.5
A4BBB301E3CE,"I agree with what Winston Churchill said because it is true. Going form failure to failure without loss of enthusiasm can help be successful in the end because you tried and tried again and it gave you more confidence to go on and try things you haven't done before. When we fail we learn from our mistakes and try again and be successful because failure is actually helping you in the pursuit of success.

On the pursuit of success we will have some hard times ahead of us, and does hard time are the mistakes we will end up making and form does mistakes comes success. For some people when they try new things the only get it once without any mistakes. But for other people it takes the a few times before they can get it, that is going from failure to failure. Failure helps thousands of people become successful in life.

When you are trying something new, you have to happy about it, and when you fail doing that new thing you should still be happy because it is your first time doing it, and when you fail you always get a second chance to do it again, and when you fail the second time you get another chance, it will keep going until you get it at the end and giving up is not an option. You should always be happy about trying new things. And when you try new thing and you fail and you give up strait away you, are not being successful, you are just ruining your life an becoming a failure because you gave up strait away. Once again giving up is not an option in the book of life. Giving up ruins your life.

In life there will be challenges coming your way and you should take those challenges head on and if you fail try again and be successful, because out of those challenges comes a great price that takes you to the next level. Going to the next level is a big thing in life good things start coming your way and more people start to like you because of the challenges you went through and failing helped you become successful at the end of those challenges.

I agree with what Winston Churchill said because it can help us in life and in the future.",Male,12,Black/African American,387,396,395,15,5,79.0,35.37107791,34.34343434,136,396,Independent,Economically disadvantaged,Success and failure,4.0,4.0,3.5,3.5,4.0,4.0,4.0
6C56ECAA2111,"Students should not be expected to commit to a career by the time they get to high school. Its such a difficult and important decision to make, that not even students that are about to graduate high school know the answer to. Students also have a life outside of school that they have to keep up with and manage like their friendships. Going into high school is a very hard transition for all students especially mentally because they have to adapt to lots of new things.

Choosing a career at a young age is not the best decision for students its a very important choice that stick with you for the rest of your life. It would be too early for students to know what they want to study. Their still young and have to develop their mentality. They should have time to try different course that they are interested in during high school and not choose right away. They would feel forced to choose a career that they really don't want to take. Waiting out the four high school years would be the best decision because they would still have time to take different courses and see which course they are really interested in.

Besides school students have a outside life that they have to deal with good or bad. It's a very hard thing to manage between school and friendships. Every family has something they have to overcome and it takes a toll on students. Most of the time students dont know how to overcome those family challenges. Friendships and dating also take a toll on students because everything is so new to them that they dont know how to deal with it. Transitioning into high school is really were all the dating and friendships start going on. They get overwhelmed by things going on outside of school that it gets hard for them to be focused in school.

During the transition of middle and high school students start to develop and mature their brain. They start to re think their actions but still dont make the best decisions. Choosing their career when transitioning into high school would not be the best idea. It's too much stress for a young developing brain students tend to mature the most during their high school years. Not only do they mature and develop, but they also have to adapt to a whole new environment. Adapting to a whole new environment that you've never been in is a very hard thing to do. It would be too much for a young student to have to choose a career.

Identifying a career by the time you get to high school is not the best idea for students. It already takes time for students that are about to graduate high school to choose what they want to take as a career. Their is things that go on in the outside besides school that students need to overcome. Their brains arent fully developed while transitioning into high school. Choosing a career while transitioning into high school is a very risky thing to do that should be wated out till your last year of high school.",Female,11,Hispanic/Latino,492,534,530,29,5,106.0,49.53712121,31.46067416,168,534,Independent,Not economically disadvantaged,Career commitment,4.5,4.5,4.0,4.5,4.5,5.0,4.0
A81066A2C947,"Students are expected to identify their career by the time they enter high school. Expecting students to choose a career at an early age, not only stresses them out, but could impact other aspects of their negatively. It is a good idea for the students to commit to a career at a young age because, it'll keep them on track and not waste time on the stuff that is not important, they should be given some time to experiment and explore potential job options, and students need to have at least an idea on what they wanted to do in the future, before its too late.

First, having the students choose their career at a young age can help them be on track and not waste time on the stuff that is not important. Some students cannot try to decide their career at an early age, because it says that it's not the right time to have a career. But they have to develop their brain by learning something new and figure out some stuff that interests them. However, there are some students that don't want to be in school. They may be in school, but they are not performing well the same as how other students act in school.

In addition, students should be given some time to experiment and explore potential job options. Students should have the ability to be confident in the choice that they will be making, because it will be seriously matter in the future. Most students got forced or were under pressure by their parents, by listening on what they want for them to do, or just by having picked some random job that they don't even like.

Lastly, students need to at least have an idea on what they wanted to do in the future, before its too late. The reason why students need to go school is for them to learn new things that can make them have a clue on what they wanted to be. Choosing the wrong career could make them have regrets, which can ruin their future job. Not only it's going to make their life miserable, but it could be a huge waste of money that will threw into their education in college.

In conclusion, it is a good idea for the students to commit a career at a young age, because they will have more time to prepare for their chosen career and will help them know what courses they will take throughout in high school years. And lastly, for the students who chose their career at a young age has more advantages and will be choosing the right path for their future.",Female,11,Asian/Pacific Islander,437,452,446,17,5,89.2,58.9749958,34.73451327,157,452,Independent,Not economically disadvantaged,Career commitment,4.5,4.0,5.0,4.5,4.5,5.0,4.5
9C76CF46D791,"Students are expected to identify a career by the time they enter high school. When students enter high school, they begin to work at a specific job to earn some money in order to be prepared for their future career.

It is not a good idea for students to commit to a specific career at a young age because it will cause distractions from school work, students are still getting education, and specific jobs will distract students from activities they enjoy.

Students should not commit to a career at a young age because it will cause distractions from school work. In high school, teachers and other faculties take education seriously and gets harder for students every year as they develop. Students get a lot of homework and tests they have to study for and need to focus on education in order to graduate from high school and get to a good collage. Spending time on a specific job before their actual career can distract students and decrease their grades. For example, a high school student goes to work at a salon after school but they have so much homework and a test to be prepared for, but they have don't have enough time to study and accomplish their homeworks since their specific job is in the way. So they begin to get a low grade and fail tests, which can also give them a low self-esteem.

Students should not commit to a career at a young age because are still getting education. High school students are still young and are still developing, they need to spend their high school years to study and get a good education in order to develop. In their high school years, students begin to get an idea of what they wish to be for their future career, so they are still learning about it and that's how they get a better amount of money, be well-educated, and live a good and healthy life. For example, high school student is not well-educated and is still developing, so they need to keep studying and learning in school to graduate and get to a good collage to study about their future career that interests them and the dream job they are wishing to work for. A specific career will take them away from their dream job.

Students should not commit to a career at a young age because specific jobs will distract students from activities they enjoy. It is important for students to do activites they enjoy to be healthy and have something positive and enjoyable to do. When they get a specific job during their high school years, it will take them away from these enjoyable and positive activities they and will have no time to do it when they have a specific career and school, which can also cause stress for students and will never find anything positive that they enjoy to do. For example, a student plays football and really enjoys it and it gives them positive energy. But they have to go to school and need time to do their schoolwork and study to pass. When they get a specific job, they don't have time to do their favorite activity and also not have enough amount of time to study and do schoolwork, which can cause stress to students.

In conclusion, students should focus on studying and education in high school and not get a specific career that will distract themselves from school or any activities they enjoy to just to get money. They have to keep developing and study hard to get to a good collage and be prepared for their dream job to get a good amount of money and live a better life.",Female,11,White,606,628,622,22,6,103.6666667,45.01575313,25.47770701,160,628,Independent,Not economically disadvantaged,Career commitment,4.0,4.5,3.5,3.5,4.0,5.0,4.0
6E451C099E41,"Do many people already know what they want to be when they grow up at such a young age? Does everyone know what they want to be when they grow up by the time they enter high school? Some people think that students at a young age should know what they want to be when they grow up. Kids should not have that stress or pressure on them when entering high school. Kids should have the opportunity to play sports or do extracurricular activities, or any clubs they would like to be in, instead of worrying about what classes they should take because of their career goals.

In some societies, people think and say that students at a young age should already know what kind of career they want to have by the time they enter high school. However, more people believe students should not know what career they want to have until once they are in high school. Kids are too young, and have too young of a mindset to be thinking about what they want to be when they grow up. Kids are too immature and are not prepared to make those types of decisions on their own. They should not have to worry about what they want to be at such a young age.

Sometimes, kids can decide on one thing but then halfway on their journey or goal they decide to change it and make another goal, that is different. Some are indecisive and can change their choices. Students should be able to pick however many classes they would want to have, not knowing what they want to be when they grow up. They should have the freedom of picking what they want to do in high school. Therefore,also not having to pick specific classes for their career goals. when choosing a career goal it should be while that person has time to think about it and when they have not a lot of things to worry or stress about.

Some kids have already decided on what they want to be when they grow up, but it is best if they do not decide yet because, it limits their choices to what they can decide later in the future. Having many options to choose from, is better when they are in high school because students can explore what they want to decide to pursue after. Choosing more than one is better and narrowing down the options as to what they have an overall general idea in what area they want to pursue after. Pursuing a career goal is tough but always good to have the time to decide what fits best for people.

In conclusion, some people believe that students at a young age should not know what they want to be when they grow up starting high school. It limits their choices. limits the wide variety of options for careers. Makes students stress out about having to choose a career at a young age. Too much pressure in such little time. Students are indecisive when it comes to making tough decisions. Kids minds are not yet developed at a young age yet. So in conclusion kids should not have decided what they want to be when they enter high school.                                            ",Female,11,Hispanic/Latino,536,546,545,28,5,109.0,54.04431438,28.57142857,156,546,Independent,Not economically disadvantaged,Career commitment,4.0,4.5,4.0,5.0,4.5,4.5,4.0
1D944BF5BE87,"Yes I think it is a good idea for students to plan their career early because students can be prepared for the real world, it can help with jobs, and it could help them in college. When students graduate they will face challenges . They have to find a job to support their needs. Students will also need to find what they want to do in life to make them be successful. A planned career really gives a head start to those who want to achieve more and be prepared.

The real world is tough if you dont have a plan because it can be too late to accomplish goals. Planning at a young age gives students advantages for their work. This also helps with a students resume if they want to attend college.

Jobs want students who are successful and take work seriously. When a student graduates they want to make it in life and not struggle.

Another reason students should plan early is for jobs. A job gets people money and they can use this for more school or for other needs. A planned job at a young age is a very good head start for many reasons. Students can save up for college or by a vehicle. An early job gives them a lot of experience and helps benefit when they look for more places to work outside of school.

More reasons students should plan their careers early is for college. College helps keep them in school giving more education. More education and knowledge also helps students get better jobs. Getting better jobs helps students make more money for their future. The money helps support their needs for example like owning a house.

Some people today dont want to go to college which does not mean they wont be successful. Sometimes students prefer to find better jobs to make a living without anymore education. When students dont plan ahead that also does not mean they are always too late for anything. Students would sometimes need more time to figure want they want to do in life. As long someone works hard they can accomplish all their goals and commit to a career at a young age.",Male,11,Hispanic/Latino,339,368,369,25,6,61.5,61.4589566,39.94565217,147,368,Independent,Economically disadvantaged,Career commitment,4.0,4.5,4.5,4.0,4.0,4.5,4.0
6574B5B58A11,"Always being active, determined to become successful can lead to lots of accomplishments; however, some people think it is necessary to procrastinate. Thomas Jefferson quoted

""Determine never to be idle...It is wonderful how much may be done if we are always doing something.""

Having the mind set of being able to accomplish assignments, and being active in anything can lead to being successful in life, having the ability to not procrastinate, and people start to see that a person is responsible or trustworthy. These are reasons why it is important to be motivated, and to be able to accomplish assignments.

Having the mind set of being able to accomplish assignments, and being active in anything can lead to being successful in life. Having the motivation of being able to accomplish assignments on time and the accuracy is important; therefore, it shows that a person is organize. Organization is important because it shows that a person can arrange equipment or utensils neatly, for it helps in the future. Accomplishing assignments can lead to success in life and becoming financially stable because of finishing assignment on time and by completing them. The sensation of having motivation to complete assignments and being successful in life is amazing.

Having the mind set of being able to accomplish assignments, and being active in anything can lead to having the ability to not procrastinate. It is important to keep track on which assignments has to be completed because having a incomplete assignments passed due can cause trouble. It makes it harder for a person to finish an assignment at the last minute because of the rush. Procrastinating is not the key of finishing any assignments on time and by having the assignments accurate. Being able to complete assignments on time is precisely important because it can help in the future with any assignments that crosses.

Having the mind set of being able to accomplish assignments, and being active in anything can lead to people seeing a person as responsible or trustworthy. People can see a person as responsible because they complete assignments on time or before hand. People do not have to tell a person repeatedly to have an assignment completed by a certain date. Other people can see a person as trustworthy because they stick to what they asked to do. They finish the assignment before hand or on time, which makes people trust them more. Accomplishing assignments can help reach goals, and it can help in the future.

It is important to have a person active and and determined to complete assignments without procrastinating. Even though people might think it is not important, but it really is because it helps a person with massive assignments. It gives them knowledge on why it is very important to keep on track and to finish work on time. Being successful in life, having the ability to not procrastinate, and people seeing a person as responsible or trustworthy are all reasons why it is important to accomplish assignments and being active in anything that wants to be completed.",Female,11,Hispanic/Latino,468,511,510,24,7,72.85714286,44.56255069,29.35420744,150,511,Independent,Not economically disadvantaged,Being busy,4.5,4.0,4.0,4.5,4.0,4.5,4.5
CEAD27DE3263,"We tend to accomplish more if we always do something. In my opinion, I think that if people want to accomplish more, then they would do more to make their lives better. For example, a teen who gets eight hours of sleep before school wont be tired then a teen who slept for three hours. The teen who slept more will accomplish a successful school year because he slept earlier. Responsibility is a big role of being able to accomplish something; unfortunately, not everyone's responsible.

There are many ways someone can accomplish something, but they all start out with them taking action. as an example I'm going to use Steve Jobs and Bill Gates. Both of these men started out with nothing. no one knew who these two men were 13 years ago. But that all changed when both of them announce their new technology. If it weren't for them, no one would have these useful items: IPhone, Android, Xbox, Window computers, etc. However, the reason they accomplished all that, was because they both studied and worked hard.

Inactivity can also serve a purpose in a person in my opinion. I think that people who do not want to accomplish something is because they do not want to push themselves into doing so. Another reason I think that they're not pushing themselves is because they don't have anyone to support them or help them out. Those are two main reason why I think people are inactive.

In conclusion, we do accomplish more if we are always doing something. you cannot simply do nothing and wait for it to be accomplished by itself. everything thing you do now will lead to a bigger accomplismnet. If you want to be sucessful, you always have to do something, Even though it's little things like helping your parents cook, or washing the dishes. ",Male,11,Hispanic/Latino,270,316,309,20,4,77.25,70.98411602,52.53164557,166,316,Independent,Economically disadvantaged,Being busy,4.0,4.0,4.0,3.0,4.0,4.5,4.0
17085E68BA88,"Personally, I have been able to find myself to be able and do more when I'm up and active, as in doing something good for me, someone else, or in general. It's like you're able to do more once you're up and you are able to tell yourself that you can do better and you can do more than what you're supposed too. As Jefferson said ""it is wonderful how much may be done if we are always doing."" Sometimes you can be so into the work and time can fly and you can get so much done with no distractions.

When I am doing something positive for myself and I want to do more, I find me telling myself a lot ""what good will this do to me?"" or ""where will it get me?"" I'm sure that I'm not the only one asking myself questions like these when I want do something good for myself or my life. When we are doing something for us, we can ask ourselves questions like the ones I stated. Once we do more than what we want to do and keep a positive mindset about it, that can be able to stick with us and become a good habit we can carry on in our lives. Which is amazing. We'll be able to strive for the best for ourselves and others when we carry on a good habit like that and show others how much we care about not just ourselves but others as well. We can always be able to carry a positive mindset with us and we can pass that on to others and it'll be able to motivate people to do more than what we can do once we are up and doing something.

I really tend to look at the bright side a lot and look at what is at the end or the outcome, when I'm trying to strive for the best by doing the absolute best that I can. We may have our moments where we can get tired of doing the most, but then we are able to tell ourselves how much the hard work is worth at the end when we do the most of what we're supposed too. Once we do the best that we can, we can reflect on it later on in life and be so proud of ourselves and tell ourselves how tired we were for doing the most but how much worth it all was at the end. I have my moments where I can be so tired of trying my best and just want to give up. But then I take a step back, look at my work, and once I'm done and I tell myself how proud I am because it got me far. We also are able to have no regrets at the end of the day and reflect on it and see how dedicated we were and still are to this day. We can tell others our story and say how proud you are for yourself and see how dedicated you were and still are for doing what you can and doing better. Not in any bragging type of way but to motivate them in a way. You're able to pick up the habit of being so dedicated to bettering yourself or others by doing more once you're doing. It's like self motivation, telling yourself ""you can do more.""

Once we pick up this good habit of accomplishing more than what we are supposed too, we motivate not just ourselves, but others as well to do more and more. Like I said, we can look at the bright side of it always, and feel nothing but good and proud of ourselves at the end. When we build this good habit and do the most, we are able to do the more than what we could before and little by little building that up. At the end of accomplishing what you could, you are able to tell others what the hard work and dedication gives you at the end of it all. As well as how far it get's you in life. It can sometimes motivate others to strive for the best and it can help them, sometimes they need to hear you out for it to motivate them. What I like about it is that, when we are able to pick up this good habit of ours, we can tell others about it and it can motivate them to do the same. It's like we talk them into to striving for the best for themselves and others in life. It's like we are passing this good habit we've built down and then it just keeps going and going. Sometimes hearing others out really helps others a lot.

When you are able to just take a moment and take one step back, it really is possible for you to accomplish more than what you can when you're doing. You motivate not just yourself but others when you really are dedicated to doing your best and it can become a good habit. You're able to pass that down and it can give you a positive mindset to it all. The outcome can turn out to be good and make you feel good about yourself at the end. It can get you so far in life as well and you're able to look back at the most that you have accomplished and have no regrets about any of it. It is truly motivational and can truly help if you are really dedicated to it all.",Female,11,Hispanic/Latino,892,958,936,38,5,187.2,42.04978814,20.66805846,198,958,Independent,Economically disadvantaged,Being busy,4.0,3.5,4.0,4.0,4.0,4.5,4.0
4FCC4BEB161A,"My grandma said,""People that have accomplishments in life should be active."" A accomplishment is something that has been done with achievement. If accomplishment exists, people will benefit. People that are doing something accomplish more because people can work hard, people can reach their goals, and individuals can help others.

Many argue, being inactive serves a purpose because people can be idle. However, many individuals that are active get work done quicker. Clearly, people that are active accomplish more.

Initially, Individuals that work hard are necessary because hard workers will put effort into their work. For example, Generic_Name is an employee at Sephora that wants to be a manager. She goes to work everyday and has never missed a day, but one day she got a promotion as a manager. To specify, Generic_Name is a ordinary boy who wants to become a artist. Generic_Name posted a video online of him singing a cover of Micheal Jackson and the video got to a million views, until someone contacted him and asked if Generic_Name wanted to be an artist. Clearly, people that work hard and put effort achieve greater.

Additionally people that reach their goals are essential because individuals work hard. For instance, Generic_Name has been going to the gym and has been eating healthy for a year because she is trying to lose weight, but one day Generic_Name has reached her goal by losing weight. To specify, Generic_Name always had bad grades because he never did his work and never studied, but last night he decided to get good grades by doing his work and studying in all of his classes and when he stayed after school everyday Generic_Name has reached his goal. One should observe, individuals that want to achieve their goals must work hard.

Most Importantly, individuals that help others are vital because helping others can accomplish more. To detail, Generic_Name was buying pizza and Chinese food as he was walking to his house. Generic_Name saw a homeless family that has not eaten in days, until Generic_Name gave his food to the family. To add, Generic_Name was walking toward her class, until she saw a group of kids bullying a little girl. Once the group of kids were gone, Generic_Name helped the little girl. Clearly, helping others can achieve more.

In conclusion, Individuals that are active achieve more because people can work hard, people can reach their goals, and individuals can assist others. These proves that people being active can accomplish more. People must work hard, reach their goals and help others to succeed. There is only one choice: accomplish something people must be active.",Female,10,Hispanic/Latino,415,436,435,27,6,72.5,47.13107712,41.28440367,180,436,Independent,Economically disadvantaged,Being busy,4.0,3.5,4.0,4.0,3.0,4.5,4.0
DA5CA667B729,"My dad once said"" that one day I'll save a life just by calling 911"". The reason he said that is that the technology today is better than the one he grew up with. Technology today can do more things than the technology a few years ago. Technology today does have a positive effect on people because it can help people communicate with people around the world, and people can call 911 for an emergency.

It helps people communicate with people around the world. For example my Uncle can't leave the country to go visit his mom but if he does he can't return to the states. So the technology now allows him to Skype or Facetime his mom when he wants. In fact 70%

of the people around the world can communicate. All the people can now connect with anyone with just a simple button.

People can call 911 for an emergency. For example my dad had witness a car crash when he was driving to work. When he saw the car flipped over he quickly got his phone and called 911. The cops came in like 3 minutes. When the cops arrived they quickly got the guy out of his car where he was flipped. So thankfully my dad was there to call 911 for him and saved his life. In fact 55% of people that call 911 save a life. So if you ever witness an accident call 911 because you might save a life.

Technology does have a positive effect on people. It can help people talk to people all over the world. People can also call 911 for emergency. Other people believe that technology is the root of evil, however technology helps everybody no matter what. So technology is the best thing humans ever created because it can help anybody do anything.",Male,10,Hispanic/Latino,286,310,307,22,5,61.4,52.65462963,42.90322581,133,310,Independent,Economically disadvantaged,Impact of technology,4.5,4.0,4.0,4.0,4.5,5.0,4.5
93552F3ACA5D,"The limitation of human contact has been a negative effect in peoples lives; people are so caught up in today's technology that no one really talks in person anymore. People do anything on phones, but it has negative things to using them a lot: dating people through text, and less communication in real life and more over text. While most people believe that technology has positive effects in reality, it is mostly a negative effect.

Technology is not a good thing in certain situations. It is better to get to know people in person rather than social media or anything. No one knows who someone is until they meet them in person because some people lie to make someone like them. Technology can hurt people in different ways: physical, emotional, or any other way. People tend to do things to hurt the other person online rather than to their faces.

Some people decide to date someone through social media when it isn't a good idea to do. People can fake identities to make people think they're another person. people decide to not say who they really are, so they could either kidnap them or make the person they're tricking to send them money if they live in another country. It's rare that people find someone who doesn't lie about who they are. Some people probably decide to date through social media because they think that they won't find anyone who will really like them.

Most people who have technology now use them to communicate with other people instead of in person. Most people decide to communicate through online or text so that they don't see the person's face. People feel more brave to tell a person something mean or hurtful through text or anything. People just decide to not talk, but instead to text.

Most people feel like technology has a good effects when it mostly doesn't. Technology is mostly a bad thing because people decide to date each other through text rather than in person and people communicate mostly through text. People need to go out into the world and talk to new people. Everyone needs to see the difference in the real world rather than through text.",Female,11,Hispanic/Latino,340,379,369,21,5,73.8,61.86688732,39.84168865,151,379,Independent,Not economically disadvantaged,Impact of technology,4.5,4.5,4.5,4.0,4.5,4.5,4.0
DA8F8C0D6952,"I believe that students attending school from home will benefit for many different reasons. Students who experience anxiety attacks, depression, bullying, or just not being able to attend school for the day will find great use in online school, they can connect with their classes or teachers without being in school and not have to miss out on important information or work. Students are able to be in a safe environment at home if they do not feel comfortable in school.

Furthermore, students with anxiety or depression may have a harder time going through out the school day then their peers. For example, my girlfriend who has very often panic attacks, dislikes attending her current school. She was a new transfer student to the school and was also new to the school itself. She found it hard to not have anybody to go to and vent during the school day which causes her to stress and have anxiety. Moreover, she gets very often panic attacks during the day which makes her not want to come to school more often. She finds it easier and safer to stay at home. When ever we're on the phone over face time, she's always doing her class work that she takes home to complete. She's a hardworking student and always does her work but because of the environment she's in, it limits her on what she is capable of.

Not only that it would help students feel secure, but for the students who are sick for the day and cannot attend school, wouldn't have to miss out on important information or work. For example; there are days where I just feel weak and tired but I wouldn't want to miss a review day for a major test the next class. If there was online school, I would be able to connect with my teacher and the classes from home where I feel comfortable. Also, my mom wouldn't have to worry that i'm failing my classes because i'm not showing up to them. I believe that other students would agree with me on this argument because almost everyone I know, wishes they could attend school from home.

Moreover, adults might not have knowledge of this, but let me tell you; there is a lot of drama and rumors in every high school. No matter where it is, the policies it has, the advances of the students, there is drama. And drama is one major factor on why students wishes to attend school at home. Just Imagine the advances of our present civilization if there was no drama at school, and no have you heard this or have you heard that. Drama and rumors are big time distractions to daily school work and it peaks the interest of every student. By enabling online school, students dedicated to become scholars are able to take this distraction out of their equation. They can attend school without dealing with the big mouths talking up and down and all around the school.

Overall, distance learning has a very good impact on the students. Students feel safer at home, and when they are sick or cannot attend school for they day, they wouldn't have to miss out on important information or work. Online school would be very beneficial for everyone.",Male,11,Asian/Pacific Islander,525,561,549,26,5,109.8,56.23997059,37.25490196,209,561,Independent,Not economically disadvantaged,Distance learning,4.5,4.0,4.5,4.5,4.5,4.0,4.5
02440F360C5A,"Failing at something and getting back up again is one thing, giving up is another. We all should make sure that what we're doing to get somewhere, we do it right or don't do it at all. Former British Prime Minister Winston Churchhill had a point; he said something that strictly proves an everyday thought. I agree because I believe that without failing at something, you won't learn until you get it right. You must have mistakes to understand it properly, and to not mess up in the future. One reason why failure wouldn't play an important role in pursuit of success is because you cannot just see something and know everything about it; take time and study the material. There are a lot of high, advanced learners who would agree with this statement as well. We all learn the hard way or won't learn at all. As humans, we all get inspired by something. We make sure to achieve it and even learn about it, to do it.

One example about failure playing an important role in pursuit of success is my mother. My mother, Generic_Name, came to United States as a teen and even had me as a teen. She came here expecting to do big things; opportunity's she didn't have in her country. As years passed by quick, she realized her goal on succeeding wasn't going as expected. My mother focused on money, but that wasn't the only thing she was mostly focused on. She focused on me. ""I have to set a good example for someone who was actually born here and won't struggle like me, someone who wasn't born here and is struggling."" is what my mother said to me when I was 7. My mother realized she had to do something to get ahead of her deep, personal thoughts. Neither did my mom think negative about her decision, nor did she give up. She had a choice, she either stressed about her decision or went for it with all positive notice. 10 years have passed and my mother is now working for Generic_School as a supervisor at Genereic_School. As she's setting a good example for me, I realized that hard work pays off, and without you feeling like giving up, messing up a topic, and being stressed, you won't get to the point you want to be at. I thank her for every detail she's given me based on her struggles and dificulties. I'm 17, I realized at this age that struggling isn't just what you're going to feel when you're depressed nor when you're going through a hard time you don't want to go through, you're going to experience struggle when youre trying your best to get at something, for it is the one thing you want to succeed in, and that it is okay to feel like you're struggling, it's just the beginning trail to the future you're inspired by. ",Female,12,Hispanic/Latino,554,513,488,25,2,244.0,50.43155136,41.13060429,211,513,Independent,Economically disadvantaged,Success and failure,4.0,3.0,3.5,4.0,4.0,4.0,3.5
E0E060143B79,"Do you think failure lead you to do better? In this paper i will argue about never losing enthusiasm by falling and falling. Failure should be just another way to do better, because you try until you get it right, when you fail; failure lead you to success in life. Also, enthusiasm and try is the key to success.

First of all, when you try until you get it right, sometimes you get really frustrated. For example; in freshman year i remember that i couldn't actually get good grades in my algebra class, i remember that i try and try my harder to get good grades. I even stayed after school, I was doing my homework, i was watching videos from my teacher. However, i was still getting bad grades in my class but i keep trying and i finally become a success in the class.

Secondly, when you fail; failure lead you to success in life. When you are working on a project or you are working on a personal goal sometimes thing doesn't actually goes the way you had planted. For example; if you are trying to solve a mathematics problem but you never get the solution you're supposed to get. Although, you keep trying and you always fail, you actually learning from it. However, by keep trying your best you actually getting experience from your failure and that helps you to success later in life.

Finally, enthusiasm and trying is the key to success. For example; when you want to achieve something but you fail, each time you're losing enthusiasm because you think that you can not do it, but if you keep trying and trying their will be a time that you will going to success and you would said that you try your best and never lost enthusiasm for your goal.

In conclusion, some people said that failure doesn't lead you to success, but they wrong because the more you fail, the more you try, and when you get it right, it will be a completely success for you. Going failure to failure led you to a good way to do better in life because the harder you try the better you do to success. In the future never stop trying without losing enthusiasm because enthusiasm is the key of your success.",Female,11,Hispanic/Latino,371,392,387,18,5,77.4,40.6416538,33.67346939,132,392,Independent,Not economically disadvantaged,Success and failure,4.0,3.0,3.5,4.0,4.0,3.5,3.5
876CDA4D152D,"Do you think that all students have the capacity to commit to a career at a young age? In this paper I will argue about how students do not have the ability to commit to a career at a young age. Students shouldn't commit to a career, because they can change their mind, they are not good at only one thing or they don't want to do anything.

A lot of people I know keep changing their mind, they are not ready to keep doing only one thing for the rest of their lives. My sister is an example: She is now almost about to finish her career but she wants to leave it because now she is interested in another thing. When she was in high school the career that she is in right now wasn't something that she wanted because she didn't like it, she does now, but she wants to do other things. For some people is not easy to stick with something, because they will keep changing their mind.

Since I was young I wanted to do a lot of things in life. I can't commit to only one career because there is so many things that I want to do and like to do, for example: When I was 6 years old I liked playing the guitar, I still like to play the guitar but it is no something I want to to as a career. At 3 years old I loved to dance, it is something that I will always like to do but that is not something that I see myself doing for the rest of my life. And when I was 10 years old I started to draw, I started by drawing animals or any cartoon character, but now I draw whatever comes to my mind, however, it is not something I want to keep doing. Since there is not only one thing I like to do I can't commit to only one thing in life and If i do commit, later in life I will probably regret doing it.

There are many students at my age that really don't want to do anything with their life or they don't have the ability do it. Some drop out of school because it is no something they are interested and probably it's something they are not good at and give up. Most of them just want to stay home and do nothing. They stay at their parents house, which is not bad, but they stay there and do not look for any job. Some look for jobs but it is not something they like, it is something that is easy and can get them money to survive.

Some say that all students can commit to a career, but they are wrong because not all students have the same mind sets as other students. At a young age not all students can do a career. In the future most of the students wont want to stick to only one career because they wouldn't only like one thing, so they should decide when they are ready and really know that the career that they are choosing will be the one that wont get tired of doing it. ",Female,11,Hispanic/Latino,530,552,542,20,5,108.4,36.02147982,28.80434783,159,552,Independent,Economically disadvantaged,Career commitment,4.5,4.0,4.5,4.5,4.5,4.0,4.0
2F439149E85C,"Someone who is constantly doing something can accomplish more? Or does inactivity also serve a purpose? This brings me back to my middle school days, where I was failing math class. Everyday I was lazy to study. Falling asleep in class and not taking notes really wasn't the best idea. After, home from school I would not bother doing my homework. A few weeks have gone by and my grade was going downhill. I was shocked I've gotten an F but not surprised. Sitting around and doing nothing was definitely not going to get me anywhere. Bringing up the grade was the first thing I had to do. My professor Generic_Name gave me advice, she told me to practice and study. Her advice helped me improve. Weeks later, my grade went up to a B, I couldn't be any happier. Sometimes an inactive person may still accomplish something but doesn't mean we shouldn't be active people. For example, my 16 year old cousin Generic_Name on the basketball team in his high school, always missed his basketball practices and wouldn't work out, yet his team would always win games. Eventhough, inactivity can still lead you to accomplishments, being active all the time will get you further than others because more tasks may be done, you'll stay motivated, and more opportunities will be available to you.

First of all, when you get a job, your boss will not hire you if you seem like a very lazy person. Someone with a very inactive life will be seen as unmotivated and will not take the job seriously. For instance, my mom a former cook at a Mexican restaurant, once came home very tired I asked her why was she looked unhappy, her reply was that no one at work gets anything done,they ignore the boss, use their cellphones and don't know how to take orders. Therefore, she gets payed extra because she takes her job more serious than her coworkers. She told me that when I get a job not to fall in their footsteps and to stay on task because I would get fired. It really isn't as hard as you might think when it comes to completing something, the more you do the better the chances you are to accomplish.

Secondly, by even just trying and doing something, we learn more than those who decide to just give up and sit around. Sometimes we have to push ourselves to do more than we think we can. Our minds tell us we can't do it but in reality we can achieve great things but you need to know that it's not going to happen out of the blue. There is no purpose in accomplishing without doing something to get there. Determining to stay active is something we will need to consider for the rest of our lives. Inactivity never serves a purpose to us because it keeps us from achieving wonderful things in life.

Although, many people get away with their unmotivation and still get somewhere, it has no meaning. But does that mean we should just not try at all and expect to get things done? Absolutely not, never listen to those who say that because that will make you lose motivation. Overall, we are capable of achieving more by doing something than those who don't because we will have a greater chance of getting our work done, we won't get lazy, and we'll have more jobs and offers loaned to us.",Female,11,Hispanic/Latino,549,596,581,32,4,145.25,73.18720379,45.80536913,273,596,Independent,Economically disadvantaged,Being busy,4.5,4.5,4.0,4.0,4.5,4.5,4.5
D45494CE3D2E,"Human survival depends on technology, we can not live without it. Technology is used in our everyday lives, from the very moment we open our eyes to the end of the day when we go into our sleep. Technology has really advanced a whole lot in comparison from the first telephone made up, to todays modern devices. Technology may have a negative impact to it, since technology is everywhere it is almost impossible to keep out of reach. Young children start to us it to early in life, they get addicted and they cry if it is taken from them. Technology may have that negative affect but it has many positive affects that come from it as well.

The beginning of technology all starts back when the first telephone was created by Alexander Graham Bell. The telephone he had created is much different from the ones you see today in everyday use by millions of people. His creation of the telephone was like a brick, very big and heavy. That device was more of a at home used only kind of device, not something you could easily just carry around with you. his invention probably was not the most popular right away since everyone was so use to living with out one it was not much of a necessity. As time progressed other inventors took Graham bells invention and invested further into it, adding and taking away things it had. For one the size and weight of it was changed by a lot through out time as well as the capability of what you could do on it. At first it was used only to transfer calls to communicate with somebody verbally without having to be face to face or even at close distance with them. Many individuals wanted to be the inventor of a phone and there are more than one, therefore because of this there are different companies, not just one that produces electronic devices. Around the early 2000's Apple, which is one of the biggest electronic device companies had released the first Iphone. Everyone and everywhere all around the world people were purchasing Apples new product. Throughout the years Apple has made so many products for people to purchase from cell phones,earphone, tablets, computers, watches, portable chargers, to just about anything for people to buy that they may use in there everyday lives.

Though all these advancements in technology may have caused some negative impacts in life such as that children from a young age get addicted from them it has also helped them. Parents have a big impacts in this whether they decide to hand their children a electronic or not, most parents that do let them opporate a device usually have limitations in what they can do or watch and for how long. Letting young children use this technology isnt all bad, there are television shows that help them learn their shapes, colors, objects, movements and simply learn how to communicate with others before entering school, nothing wrong with being a little ahead of others. ABC mouse is one of many great resources online that help children with their education and it is also done in a fun way for them to learn and enjoy their studying.

Technology is used by everyone all around the world and even out in space! Everything around us is being technologically used by us, inside of our own homes and outside. Security cameras, the thermostat that keeps us warm in the comfort of our homes and AC that helps us cool down on hot sunny days, the foods and drinks we store away in our fridges and freezers, WiFi box, T.V(s), door bells, all of that technology and thats just in our homes. Outside everyday technology would be like he vehicle we use to get to our jobs, the traffic signals, GPS to help guide use to get to our desired destination. You have a paper due or something you really need information on whether it is school related or not and the library is closed or you just can not get in reach of one you can simply do your research from any location you may be in with a click and swipe on a screen like your cell phone or computer. Machines are technology used like those in hospitals that are seriously used for human survival when someone is terribly injured or a new baby is born. Technology is still progressing and it will only become more advanced through out time, everyday inventors and scientist use it to make new ways to cure up diseases, find out where they come from and how they can be prevented.

The creation of technology on our world has been very helpful to us all in every way possible, without it there are many possibilities of certain deaths and accidents that could have occurred if it did not exist. The amount of advancement that it had gotten to will only help it get greater so we can be prepared for future tragedies that we would not want this world to face. Technology has been an extremely positive thing that has happened in this world for millions possibly even billions of people who use it.             ",Female,11,Hispanic/Latino,846,877,873,32,5,174.6,76.52940078,40.82098062,358,877,Independent,Economically disadvantaged,Impact of technology,5.0,4.0,4.0,5.0,5.0,4.5,4.0
4A86F1C63480,"Technology has increased rapidly throughout the years and has strongly become one of the most important things in our daily lives. We have learned to grow and rely on our phones and the internet to help us and get us through our daily activities. Being able to do and achieve things online at the comfort of your own home make it more convenient and easier to get things done. The internet helps us gain and find new information that we are unaware of, view and shop for new products instead of going into actual stores, and most importantly the internet makes it possible for us to interact with loved ones and meet new people all around the world.

The internet is full of all different kinds of information. Many people post and upload new information about many different kinds of things everyday. Information posted by other people can help you learn and understand new techniques and ways to do things. Lots of students are home schooled and take online classes on their computer at home instead of being enrolled in a public school. The internet is also a good source for entertainment, there are many videos, books and games that you are able to watch, read and play to keep you entertained and occupied at anytime throughout the day.

Although not everyone is a fan of shopping online, there are a lot of people who find shopping online easier and faster then having to drive to go shop in an actual store. Many companies and stores that you find at the mall and other pubic shopping places also give you the option to shop at their online store. There are a lot of more options and a larger variety of objects and clothes sold online then inside the store itself. Many stores lower their prices online and add clearance sales so more people are attracted to shopping online for their better prices. Some stores can only be found online and only sell their products on their website.

Social media is one of the biggest reasons why people use technology. Instagram, Snapchat, Twitter and Facebook are all examples of social media. These apps allow you to share and post whatever you'd like on your profile with people around you and all around the world. You are able to chat and communicate with friends and family in all different kinds of ways no matter the distance, time or place. Theses apps are a great way to meet and associate with new people.

The use of technology throughout time has helped make our lives so much easier in many different kinds of positive ways. The internet keeps us on task and informs us with all the answers to our questions, keeps us entertained with different kinds of stores,music, shows and games, and helps us make new friends to communicate, laugh and associate with. Without the technology we have today, doing our daily activities and being able to contact all your friends and family would be much more complicated and difficult to do. Although we dont often realize it, technology has made a very strong impact in our lives and we should always be thankful for what it has helped us accomplish .",Female,11,Hispanic/Latino,514,540,539,23,5,107.8,59.6820413,42.22222222,228,540,Independent,Not economically disadvantaged,Impact of technology,5.0,4.0,5.0,5.0,5.0,4.5,4.5
4844CF56336D,"students who take an online classes do not have much benefits because, they feel lazy to study on their own, sometimes do not their assignments and also do not have people they will be compete with. They also do not have much confident to speak with lots of people or give a speech in front of many people, which makes someone who attends an everyday class with a lot of people to be experienced than a person who takes an online class. people with much experience in a lot of things do not always have fake people in their lives.

People always think that taking an online class is very good, which is totally wrong. When taking online classes you do not get to know the people who are performing much better than you in class, but when you go to an everyday class in a school, you know the people who are better than you in different subjects. When you take an online class you do not get people who will help you solve your problems in much courses; for example, when you take an online class and you fail in a subject you would not know those who performed good in that subject, that means that you will not know how to study hard to perform good next time. Online students always find it difficult to study because, they do not see their mates in school learning which will also encourage them to that same thing. This means that taking an online classes will not be advisable for students.

Also when taking an online class, you do not get to interact with different kind of people through out the world. People who take an online class do not always have the confident to speak in public and do not always have lot of friends. Having friends is one of the important things in our life. When you have friends you share each others problems and solve it together. This means that when you take an online class you do not always have enough friends to speak to or to share your problems with. For instance,when you are given the opportunity to give a speech in front of a lot of people, you begin to shiver or start stammering because you are not use to speaking in public. but when a person who attends classes which involves a lot of individuals, they always have the confident not to only speak in front of their mates but to also speak to those who are much older than them without any fears.

Moreover, people who always involve themselves in a video conference do not always know the people their dealing with in their business or do not always have much idea about their business meeting. When one is present at work place all the time, he or she runs the business smoothly without any misunderstanding with anybody. Again when having a business with someone on a video conference, you do not know if the person you are dealing with is a fraud a fraud or not. So people who do an online businesses always end up putting themselves into trouble. When one is always present at their business places, they always know the people who are hard working and can make the business go much further and those who are lazy. When you are always at your work place,you make your members to respect and adopt your policies.

People who take online classes do not understand much better because, the teacher is not always around them when they need help with the topic that they not understand. But hen you are in an everyday school classes, when a teacher always teach and you do not understand you always know where to locate him to ask for help. Even when the teacher is not around, you can find different teachers who also teaches that subject and they will always find a solution to your problem. So students who attend an everyday classes perform much better than those who take an online classes.

All the above mentioned, which includes, it makes them interact with different people, find a lot of friends, get to know good people in a business, ask teachers for help when they have a problem really shows that taking an online class or a video conference is not really beneficial for an individual. Once all these measures are taken into consideration, people will see that going to an everyday class or making yourself present at a business meeting is more important to a person.",Female,11,Black/African American,784,766,764,27,6,127.3333333,54.78806762,27.80678851,213,766,Independent,Economically disadvantaged,Distance learning,4.0,4.5,3.0,4.0,4.5,4.0,4.0
7F6A31C9A604,"Former British Prime Minister Winston Churchchill once said that ""success consists of going from failure to failure without loss of enthusiasm"". Churchchill's statement lead to the important role that failure plays in the pursuit of success. Being unable to achieve something attempted,desired,or expected. Getting favorable result or conclusion; attainment of a desired end.

Churhchill's statement lead to the important role that failure plays in pursuit of success. There are many successful people out there that succeed so many times. Famous people like Cristiano Ronaldo, Messi, Michael Jordan,and Lebron James. Most of these name fail so many times to carry out successfully; accomplish. For example Cristiano Ronaldo had to leave his country Portugal and his family at a very young age, so he can join one of the biggest football team in Europe called Manchester United football club.

Being unable to achieve something attempted,desired,or expected. There are billions of people out there on the planet earth that are to scared to fail. Why? Because they're scared to get look at or get pressure. Michael Jordan wasn't scared of failing. Every times that man stand on the court,and misses the basket, He would try again until he made it.

Getting favorable result or conclusion; attainment of a desired end. Everybody want to be successful. But everyone has one important goal. It could be raising money for charity or being a professional soccer player. Imagine if Steve Job never created the IPhone. there will be no IPhone today. So think about it try to imagine yourself playing basketball or whatever sport you play, so you play a game and kept on winning every single time. ,winning a trophy over and over again. It going to get boring every time you're successful. being a failure one time it better than being successful every time.

Those are some reason that lead to an important role that failure plays in the pursuit of success. most people are scared of failing but i'm not scare to fail at all. because I know it can lead to success. So set your goals high and don't stop until you there.                                                       ",Male,12,Hispanic/Latino,361,364,351,29,5,70.2,66.78698694,49.45054945,180,364,Independent,Economically disadvantaged,Success and failure,4.0,3.0,4.0,4.5,4.5,4.0,4.0
61E2ADCF3B79,"Never give up. I'm agree with Churchill's statement

""success consists of going from failure to failure without loss of enthusiasm"". Try over and over makes you stronger, you will get experience by failing, and fail many times will make you to love what you have. these are some reason why I'm agree with Churchill's statement.

First, a lot of people think that you are weak when you fail over and over; however, they don't know how strong you are by trying until you are successful. The easy stuff are for people that don't believe in themselves. Sometime we stop trying when we fail, but we never going to know if we were able to be successful if we dont try over and over. I have a friend, who is so angry when things are not in the way he want, and I had learned, that things are easier when we are happy.

Second, you will get experience by failing. Let's think about you're 60 years old, and you have grandchildren; what question do you prefer from them, what did you do to be successful? or why you didn't do anything to succeed?. I bet you prefer the first one, so we will get many experiences by failing and failing. you will tell them how hard is to be succeessful. Also, we would learn more because you will never make the mistakes that you did before. It wouldn't make you perfect, but will make you better.

finally, fail will make you to love what you have once you get success. It's hard to be successful and thats why you will take care of what you get. also, It will make you to be a better person such as be more responsible, help others, and respect other people. I remember when my brother was just a student, he often spent money in clothes or anything he liked; however, now that he is a proffesional by fixing computers. He gets more money than before, but he doesn't spend the money that he used to spend. Because now he knows how difficult is to be successful, he takes care of what he has.

Summarizing,

Churchill's statement is absolutelly true. we should always try over and over until we get succeed. It would help us to be stronger, to get experience, and to love what we have. on the other hand, some would say, fail many times will make you weak; however, it's better to be weak for a couple days, months or years than be weak forever.     ",Male,12,Hispanic/Latino,378,437,423,25,7,60.42857143,49.44121854,40.04576659,175,437,Independent,Economically disadvantaged,Success and failure,4.0,4.0,3.0,3.0,4.0,3.5,3.0
A98482015F5A,"There are many instances where people have the mindset that you must be doing something constantly in order to achieve the most. I believe that having this mindset is terrible and is not beneficial to the person. I believe this because if you take the time to rest you will find that it allows you to regain a creative mindset, it allows your work to regain its quality, and taking time to rest serves many health benefits.

Regaining a positive, creative mindset serves many purposes. Having a creative mindset will allow you to think freely, and come up with brilliant, unique ideas that give you an advantage over possible competition. For example, if you are constantly writing all the time you are not giving yourself time to create unique ideas that separate you from the rest of the competition. Another example we can use for this scenario is when an entrepreneur is constantly trying to start a business without taking a step back and allowing themselves to come up with a unique idea that they have passion for. Where as if someone who does take breaks is working in the same field as another individual they are working less, but achieving more because their ideas are more unique and thought through.

When you are constantly working there is a high chance that your work may lose its quality. When an individual is working the factor that they must think about most is the quality of the work they are providing. If the quality of the work is not there then it completely takes away from the rest of the qualities from that body of work. For example, if a man wants to sell a product, and he puts hours upon hours into this item but there is no quality then the item will not sell. Where as if the man takes constant breaks focusing on quality, and not quantity then the item will have a lot more attraction from people.

Being idle sometimes rather then working persistently also has its benefits. When working diligently all the time there may be times where you may be very stressed out or you've tired your body out, but these problems can be avoided. These problems can be avoided by taking breaks, taking breaks allows your mind to relax and release stress that has been piled over a certain amount of time. For example, if you are a athlete and you are constantly over working yourself there is a high chance you may get injured, but if you balance yourself and take breaks you are allowing your muscles to heal themselves which also boosts your performance for the next practice or game. Allowing yourself to take breaks also improves the quality of the work you provide whether its paperwork or sports.

Although some people think never being idle is a good thing because you can achieve more work with no set backs. I still think that being idle serves a purpose because you want to be able to incorporate quality into your work, you also want to be creative when it comes to providing, and lastly you want to be able to gain the benefits from relaxing your body and your mind. Finally, if you are one of the individuals who like to work diligently without breaks, you should at least consider taking a break once because it will not hurt you, and if anything it will help you.",Male,11,White,553,576,575,21,5,115.0,52.4600631,37.5,216,576,Independent,Not economically disadvantaged,Being busy,4.0,4.5,4.0,4.5,4.5,4.5,4.0
BDAE1D4B6C20,"The quote, '' hard work pays,'' means a lot when it comes to doing something and one staying idle. The world today upgrades itself each and everyday,which tells us that we should always be doing new everyday as humans.

Although some people say that been idle is the best way to go because it relaxes the body and gives it a new form of strength actually doing something always not only exposes one to new ideas and strategies but also makes the human body active and vibrant at all times. There are a lot of chances one can benefit from been productive other than been idle.

To start with, there are a lot of goodness in been productive than been an idle man. People who invest in their time to produce something meaningful are known across the globe because of their hard work and dedication. Due to how hardworking they are, they get the chance to explore new ways of doing things and new ideas that would help them in their next exploitation. For instance, since Bill Gates is hardworking man, he is known across the globe and due to this he has been exposed to other new things that would help him in whatever he is doing now. Again, when there is a football match between two different teams, and if one team is seen practicing so hard than the other, it would be considered that the team seen practicing the most would deliver more than the other team with no doubt.

Moreover, doing something always makes an individual active and lives longer than been idle. A person who is seen to be doing something productive all the time is considered to be adding more years to his or her age due to the fact that working tirelessly everyday helps keep the body in form and shape which by so doing prevents diseases that attack people. For instance when a person walks about a half and a mile to work everyday, it is very difficult to see that individual get sick because the body is always busy looking for something to do. On the other hand, idleness brings nothing but retrogression and failure because you're not able to bring forth anything productive and therefore it becomes a waste of time,energy and resources. One can make the comparison so easily between a productive person and someone been idle, a productive person can always be seen advancing from one stage to the other while an idle person will be seen at the space that he is at always.

Furthermore, when people say '' time is money,'' they are definitely talking about how one is able to use his available to produce something meaningful for himself to get money and have some other benefits as well. No one gets rich by just sitting at home, folding his hands and just expect something to happen. People may argue on this that one can make it in life when he or she inherits the possession from his family. This may be true because you may have everything to yourself but everything will be squandered if one does not work hard to top it up or add more to what he has. People choose idleness because it is more relaxing and the easiest way to go because you just sit there and wait for whatever happens to happen. Been idle can also affect a person in way or the other. In the sense that, if a person is seen to be at one place all the time, it may be considered that the person may be lazy and this may deprive him off certain opportunities that might help him in one way or the other.

Last but not least, working hard or been productive gets one a recognition or a specific type of award that goes a long way in life. There is no doubt about the fact that people who work hard are awarded the most and are the ones that are shown to the world for others to see and emulate their footsteps. For instance, Usain Bolt has been winning almost all his race in the Olympics and it sends a good message about him to the world because of how hardworking he is. Due to this someone else can decide to emulate his footsteps to become a world star like him.

Again no one chooses to be last in whatever he is doing but rather aims at the high spot. Although some people say that been idle is the best way to go because it relaxes the body and gives it a new form of strength actually doing something always not only exposes one to new ideas and strategies but also makes the human body active and vibrant at all times.

It always good to look at the brighter side of good and it is always advisable to go for what is right. Productivity brings a lot of good things in a person's life than any other thing a person can think of while Idleness brings nothing but retrogression in one's life.",Male,11,Black/African American,830,853,850,29,8,106.25,70.10652438,33.64595545,287,853,Independent,Not economically disadvantaged,Being busy,3.5,3.5,3.5,3.5,4.5,3.5,3.5
1E11EA73C7B3,"Inactivity will most definitely not get you anywhere in life. By not giving up and always doing something, you'll accomplish more in your lifetime. You'll learn a lot in the process, and you'll also set a great example for others.

There's a good amount of people who are good at something in life, but never get the opportunity like other's to be successful at it. For example, sports. If your good at sports nowadays, you can easily make it to the big leagues and have a good salary, if and only if, your focus and show that you want it more than others. You gotta be unique in someway. Because if you think your good enough already and sit back and think that there's no one better than you out there, then your wrong. That means your mentality is not set for success, it's set for failure. If you decide to be Idle, you'll lose your chance to make it to the big leagues because there's many people out there who are hungry and are willing to take that spot from you. For example, Ousmane Dembele, former Barcelona player, took the starting spot from Philip Coutinho. Because at practice and some games, Dembele showed that he had what it takes to start over Countinho. Coutinho did suffer an injury, but when he recovered, he pretty much became Idle and Dembele was already far ahead from what Coutinho was when he started.

When you decide that you want to be successful, it's not only good for you, but also for others. Because your setting a good example,for people that look up to you, younger siblings, etc. I'd rather die trying to be successful, than not, because then I know I made someone happy, like my family. Trying isn't going to harm you, matter of fact, It'll get you somewhere in life where It will only motivate you to do more, and become a better person. A person like me, would never become Idle because i've witnessed what happens when a person becomes Idle. Especially High School students. I've seen many students get jobs and lose their interest in school because they've ""found"" an easy way to make money. And many think that they don't need education, that's why I, myself, haven't had the interest to look for a job at the moment. I witnessed my cousin, get a job at Wendy's, going from straight A's and B's, to becoming Idle towards school and finishing the year with all F's and only one D. That's why I encourage students not to get a job right away when they become 16 years old. I would rather wait for the summer, get a job, and make money. Because you can't also sit around and not do anything in the summer.

Everyone gets to that one point in life, where they'll find themselves being Idle, but that's great because they learn from it. They learn what's bad from it, and hope to never be like that. At least I've learned from it. I suffered a bad injury freshman year, which lead to my downfall a little bit because when I came back from the injury, I noticed that I wasn't the same anymore. My team mates were telling me that I'll most likely never be the same again and that another person was gonna take my spot. I took their words, and trained harder than ever. I became a better player than I was, took me a bit of time, but I got there. And that inspired me a lot, I even started playing with better people so that I could learn from them. I pushed myself out side of my comfort zone, but it payed off. I inspired my brother to also become a goalkeeper, he now trains with me every weekend.

Thomas Jefferson states that by always doing something, you'll accomplish more, and it's a wonderful thing when people acknowledge that. I, in fact agree with him, because when you're Idle, you most definitely won't get anywhere in life. There's always something to do out there, for every human being. You just have to push yourself outside of your comfort zone, and do things in life that makes you happy.                                                                            ",Male,11,Hispanic/Latino,678,746,707,38,5,141.4,56.35075411,37.26541555,278,746,Independent,Economically disadvantaged,Being busy,4.0,3.0,4.0,4.0,4.5,4.5,4.0
1CE68763BF59,"People have been in a big debate now-days about technology effects on people's lives. Many people think that technology had a positive effect on how people communicate, while others think the very opposite. I think that technology has had a negative infuence in how people communicate. The fact can be seen on, teenagers issues with their parents, people becoming asocial, and the lack of ability to communicate with other people. I, as a teenager, can relate with most of these reasons because I see them in my home, school, and job activities.

Teenagers have a big issue with their use technology now-days. Teenagers spend most of their days using technology and most of their family fights are related with their use technology all the time. We can see how families try to have their kids away from using their phones all the time. Teens also get in their families nerves when they are caught using their phone in school, to cheat in an exam, record fights, or make fun of other people. Teens are also affected by technology with their mental-health. Some teenagers rather stay awake all night spending time on their phone instead of geting a good-night sleep. This problem affects the way of how teenagers think, communicate, and react to certain situations. I, for example, spend an avarege of eight hours on my phone in a whole day, I have problems concentrating and panic attacks some times. I went to a psycologist and he told me that, I wasn't getting enough sleep, it was the root of my problem and I had to stop using my phone while I was going to sleep.

Many people are becoming asocial. Online video-games have a big affect on people and how they communicate. Most people prefer being in their own world of games and entertainment. They spend most of their days playing video-games then out interacting with other people. We can see this in many children too. Where they decide to stay in home playing video-games rather then go out with their parents. Social media is other factor that had a negative inpact in people's lives. Most people don't go out anymore to get in contact with other person, they rather just to send a text or to call them instead.

People experience lack of ability to communicate and interact with other people. Some people spend so much time using technology that when they have to interact with other people they just don't know how to do it. I experience this one time while I was at work. A guy came using his phone. He started to order his food, but without looking. I asked him what he would like to order and he didn't answer instead he kept using his phone. I felt so offended as he kept ignoring me. He then left the store without ordering nothing. It is true that technology is really helpful, if used correctly, in so many way like, for easy shoping online, it could help you to gather information for a homework easily, and to communicate with others in a quick way. But there is more negativity in it just to see all of the bad habits and mistakes that it could make you do.

Technology could lead to a negative life. It affects our realtionships with out parents, our way of thinking, and our mental-health. Some people don't seen to realize such inpact in their life and dicide to just go with it. Technology can lead to these bad habits and it is realy affecting most of our families and communities now-days. This is why I think that technology has had such a negative inpact in our lives.      ",Male,11,Hispanic/Latino,582,631,615,37,5,123.0,59.86239454,38.03486529,240,631,Independent,Not economically disadvantaged,Impact of technology,4.0,4.0,4.5,5.0,4.5,4.0,4.0
33F18D5D8867,"Would it be surprising to know that kids learning at home help then not stress out as much? Stress is mainly caused by students getting to much school work that cannot all handled in one night. Everyday kids complain about having to much homework and when working at home there is not any homework. Allowing children to work on their own schedule helps them become more motivated to work. Students being educated at home gain more freedom to create their own schedule and their own rules. Learning at home and not at school helps kids to succeed and have better grades. No only does learning at home provide less distraction, it provides students with flexible schedule.

First, Students complain about having to much homework because students who spend a lot of time on their homework and don't have enough free time for them to relax is considered having to much homework. When they get out school and they have to practice some sports them they have to go to their house just to eat and them to do their homework, they cannot spend time with their family. Homework can limit the time. Students can spend with their friends, family, or other activities they can do. Too much homework can also give students more pressure from parents interference, this may cause unhealthy amount of stress. This is why students prefer home school.

Second, One of the best things about home school is that It can be done at anytime because It can be done at any time, children have a flexible time schedule with mean that the parents can helps. The student can work around schedule instead of the parent working around the students schedule. Some students have trouble working at a school because they cannot understand the material at the pace set by teachers. Home schools allow students to work at their own pace and on their own schedule. Another thing about homeschooling is that there are not rules about technology or how to dress. This is good because instead of worrying about the rules, the students can focus on their studies.

Third, when you are taking a test or taking notes at a public school there are may distraction that can make students loss focus on what there are doing. This is another reason that learning from home would benefit student. Learning from home won't have the distraction that that a classroom has. As a result of this, student won't loss focus on the work they are doing and get better grades. One of the reason students get distracted in the first place is because they are in an environment they are no familiar with, which makes then feel uncomfortable. If a student learns from home they will feel more relaxed and comfortable and won't stress about work. In a school, you are stuck at desk for 6 hours and have limit time to eat and limited bathroom breaks. This does not helps students at all. In conclusion, the environment at home will benefit student's by giving them better grades.

In conclusion, Students should be offered classes online because the environment is less stressful, which could benefit test scores. At home there is less distractions, rather than at school where are many different things to worry about. The flexibility of the time students are allowed to complete work would benefit the mental health and grades of the student. Many students successfully take some, and even all, classes from home. School systems and all districts should offer distance learning. ",Male,12,Hispanic/Latino,572,597,589,33,5,117.8,50.5146379,35.67839196,213,597,Independent,Not economically disadvantaged,Distance learning,4.5,4.0,4.5,4.0,4.0,4.0,4.5
27A2E22A4634,"Some believe that is better to teach children at home whereas the majority of people believe that it is highly recommended to send them to school for their better development. In my opinion it is more appropriate to send students to school instead of teaching them at home. Students would benefit from being able to attend classes because it can be motivated, and distance learning is not good because it would make cheating easier, there would be less social interaction, ad they would need to be highly motivated.

One of the biggest advantages of go to school is to improve their social capacity. Students will develop social skill when they are admitted to school by interacting with their teachers and classmates. Because they come from diverse family background and have different financial statements, students tend to learn a lot from each other and more likely to realize. For example, to name a few, a bout other religions or moral practices of his peers or they can learn the habits of dressing or the way of talking about his peers.

Secondly, the growth and development of the students is assessed on a regularly basis by conducting tests, homework in a school in this area of high competition among schools to gain popularity, this process will have impact on students will make them ready to sustain in the really changeling world. For example in this area they can prove their learning, ability, and dedication.

On the contrary, teaching children at homo also has few advantages. If students are taught at home, with full attention and focus on the child, he is more likely to understand the subject well. Secondly, student can be taught in a more amicable way and be more comfortable when they are accompanied by their family at home. But they not make new friends or socialize with different people. Also some parents do not always have the time to supervise their children for that reason it is better that they go to school to receive better supervise and education.

In conclusion, both approaches have their own advantages, but sending the student to school will make him more successful in his life, while teaching him at home may result lower rates for education, but he will not be competent in the world. Also attend to school make the student stronger with more benefits to share with the world and their improve their social capacity with other people.          ",Female,12,Hispanic/Latino,397,407,407,16,5,81.4,63.31265509,44.22604423,180,407,Independent,Economically disadvantaged,Distance learning,4.5,4.0,4.5,4.5,4.5,3.5,4.0
58BC167E9D72,"I agree with Churchill's statement about the role because failure is the most important element in the persuit of succes. Being succesful is not an easy thing. The quote that reads ""success consists of going from failure to failure without loss of enthusiasm."" In others words this means no matter how many times you fail you shouldn't give up on what you genuinely want to do.

Everyone who is successful have been through things that has caused them to fail. Failing at something and no acknoledgedging your disappointment will not allow you to realize why you failed in the first time. However, the more important important message to take from this quote is that after you acknowledged both why you failed and how it makes you feel. You most attack the obstacle again with renewed enthusiasm and commitment to succes.

Overall, we come to learn more from our failures and difficulties than from our succeses. Failure can bring us to better ourselves and begin our challenge once more, only this time with more things and understanding. Succes may feel great once achieved, but it is really success if there was not failure. If everyone was to succed on their first try, we would not feel accomplished in the presence of successes.",Male,12,Hispanic/Latino,202,213,211,12,3,70.33333333,76.38558269,60.56338028,129,213,Independent,Economically disadvantaged,Success and failure,4.0,4.0,4.5,4.0,4.0,4.0,3.5
9A33088946CB,"Failure plays an important role to pursuit success. Former British Prime Minister Winston Churchill once said that "" success consists of going from failure to failure without loss of enthusiasm."" However, a percentage of people disagree, but another percentage agree to his concern.

When you are learning something new in life that you have never done it before, you can fail over and over again. Mistakes and failures are tasks everyone face on daily basis while going forward to their goals. Every time you fail, you learn something new. You take that as a lesson and avoid not to do it again.

For example, in the early age, while being a kid, you wanted to learn how to tide your shoes by yourself. You tried the first time and you failed. The second time, and you failed again, but you kept trying with enthusiasm until you finally learned how to tide your shoes. Another example, learning how to play the piano. You begin making terrible notes that do not sound right. Although, as you keep practicing your notes begin to get better and better until you are excellent at playing piano. As a result, you can start from the very bottom failing so many times, and go all the way to the top achieving your goals.

Failure is not about failing one time and it's over. Failure is all about to learn what caused the problem, why you keep failing over and over again, and find the way to fix it. As people's mindset grows each day, they understand a little more why failure plays an important role to pursuit success in life, because if people do not fail or make mistakes in their lives, then are they actually going to be successful in the future? Sounds unfair, but that is what life is about. ",Female,12,Hispanic/Latino,279,306,305,18,4,76.25,64.81752968,50.98039216,156,306,Independent,Not economically disadvantaged,Success and failure,4.0,3.5,4.0,3.5,4.0,4.0,4.5
F530741D2297,"Thomas Jefferson wrote, ""Determine never to be idle... It is wonderful how much can be done if we are always doing."" Jefferson's quote is accurate because we can not accomplish something without doing something in life. Everyone has a goal in life; to meet those goals we have to prepare and take steps to complete them. Some people may say that inactivity can also serve a purpose because there are people, including: famous people, family members, or teachers who has once been passionate about something they have done in their lives who quit and became someone bigger, but they are wrong. There is a lot that can be done and steps to take if we are always doing something for ourselves or for others because instead of doing nothing we can focus on our education to help us in the future or to make this world a better and wonderful place for everyone.

For starters, when students focus on their education all the time there is a lot that can be done. One reason why students can do so much with our education is because often education can prepare us for a big exams. For example, in class students are learning and reviewing different tropics repeatedly, which will help us pass any exams that will be given to us. This proves that when students are constantly learning something they can accomplish anything that they were leaning or reviewing throughout the year. This shows students how much they have done by focusing, instead of doing nothing. Another reason why students can do so much with their education is because it can help them graduate and accomplish bigger things in life. For example, most students that are always on task and doing everything that they should be doing have bigger plans in life than those who do not. This proves that students that accomplish more by being on task with their education will graduate with a future ahead of them. As a result, students that are focus and on task are more likely to feel incredible for everything they have accomplished in their education.

Second, a lot of people around the world can do so much to help other communities by volunteering and to make this world a better place. A reason why it is wonderful how much can be done if we are always doing something is because we can help those around us. For instances, there is a lot of people around the world that need our help, such as homeless people or families who live poor. We as a community can feed those who are homeless or can help families who need help with jobs or to get health insurance. This shows, that if we gather together as a group we can see how much we have done to help these people in need. Another reason to see how much we can do together is by making great choices in life. For example, we can plant fruits and vegetables and give them out for free to help people around us to consider to make better food choices. As a result, there is many opportunities we can take to make this world become a better place for everyone. We can only accomplish a lot by doing everything in our power to make better this world a better place.

In Jefferson's quote, he was saying that we can do so much by doing something and it is true. If we put our mind into something and do everything we can to accomplish what we have in mind we can do anything, but if we just sit there doing nothing, we will not have the outcome we expected to want. Everyone lives in different ways, but it is important to see what each of us individuals can accomplish in life. The only way we can graduate is by focusing and staying on task. Some may see the see the world as being lazy, but we can change that by helping out and planning something together as a group to make a change in the world. It is important that we are making a change for ourselves and our communities. These are some reason why we should always do something to get the outcome that we want to see.",Female,11,Hispanic/Latino,683,718,716,31,4,179.0,54.15632532,29.24791086,210,718,Independent,Economically disadvantaged,Being busy,4.0,4.0,4.5,4.5,4.0,4.0,4.5
F7DF6ABE8573,"I strongly believe that technology is positive on human life because of all the effects it had on us in the past and present. Such as: technological advancements, you can talk to people easier, caused scientific break throughs which made us go further in life, and it also gave us security or protection.

The technological advancements are practically everywhere because everything we use is technology. It has helped us with new vehicles that could possibly be more fuel efficient and possible will create more safety in the cars since it's easy to hurt someone in a crash. It helped us in school and made us understand things such as looking up answers you dont know or checking when the next test is. It inspires people to think of other ways we can advance our technology state currently.

Its really easy to talk to people because it doesnt take that much effort in order to have a conversation. The news is one example because it tells us whats happening even if they are far away from us, we can still hear them. The weather could change into a disaster and they would tell us to evacuate. It allows us to talk to relatives that live in other areas or countries. It could let us see political debates and see whats happening in other areas.

Without technology we wouldn't have had any scientific break throughs because it moslty helped us with everything in life. An example of this would be us landing on the moon which is a important day for the people because it showed that we could do really big things. If people did not take the time to study and think about the different scenarios then we would not have those outcomes. It helps us by looking up something we dont understand on the internet and in five seconds you could finally understand whatever you were trying to look up.

One thing that makes us feel safe would be your own home but what if someone broke in and had bad intentions. There would be an alarm system that would ring and call the police to indicate that there was a intruder. It gives us security by giving us locks on important things such as banks so no one can enter it unless they knew your password or any other necessity.

Technology definitely played a huge role in our daily life and the evidence shows because everything we do involves technology or is something about technology. I strongly believe that technology doesn't stop human interaction but helps builds it up. I think this because we can text friends, text family, work on a project, or do school related stuff with it. If we keep on making up better technology or improve it then I believe it will make discover or invent big things that will push us into the future.",Male,11,Hispanic/Latino,460,484,481,22,6,80.16666667,98.1255766,47.52066116,230,484,Independent,Not economically disadvantaged,Impact of technology,4.5,4.5,4.5,4.0,4.5,4.5,4.5
C616CFDBCA6A,"Online courses and receiving your education at home can be beneficial in many ways due to the fact that you're technically not in ""school"" for seven hours a day learning. For this very reason, being home schooled and having online courses gives you the chance to have more time to do your work, reevaluate, and overall to take as long as you may need, and whats important is feeling comfortable and moving at your own pace.

Although, some may take this as an advantage or opportunity to try and fit in extracurricular activities and or to try and learn new things because maybe they want to pursue something different that needs more time of something and less time of a seven hour education course that restricts them of doing so because school takes up almost of half of the time in their every day life.

Online classes can often help people but make it harder for other people to learn, sometimes you'll need a buddy to help out or you'll need a teacher to ask questions to learn but people may take online courses because they feel that they can work better alone rather than to be working with others and thats where they could be in the wrong.

You're not always going to know everything, you have to give yourself the chance to open up and have the opportunity so that you could expand your knowledge of education, there's a point in time where you've got to say ask a classmate or teacher for help, and Im not speaking on the behalf of everyone but thats how people are, they think they can learn everything there is to know about something but you've got to take a step back and know when to say hey and say these five simple words and that is, ""may I get help please"".

Therefore I do Indeed agree that taking online classes is a great way to benefit off of beacause people may feel that they can work on their own and move at their own pace and overall just have an amazing experience at the end of the day.       ",Male,10,Hispanic/Latino,345,364,357,6,5,71.4,75.94571579,47.25274725,172,364,Independent,Economically disadvantaged,Distance learning,4.0,4.0,4.5,4.5,4.5,4.5,4.0
A7F29F16E2C2,"As a child, everyone learned many things in the society and everything that is arond us. Life is hard, even if your are having issues; you need to be strong and face any problem because that is how it works.

I strongly agree that, success consist of going from failure to failure without loss of enthusiasm. People who are succsessful had to pass from failure and learn from their mistakes. A positive person gets rewards for his effort and hope for keeping going ahead and for being always positive whitout lossing enthusiasm.

One reason, successful people are economycally well because of their enthusiasm and positive thinking. For example, as you selling products to mantain your family or to have some money for your college; there are always obstacles that can make you give up. Some days you can earn money and sometimes you don't. It can makes you think if you should look for another way to earn money. You can be afraid of not be able to earn anything because of the experience that you had before. You might find a great job and have good opportunities as a worker or you might fail, but you are never going to know if you don't try. Failure is considered part of the life because we learn from mistakes. Nobody was born knowing everything and it's not easy for everyone to avoid failure because life does not have instruction to follow. Moreover, based on your way of living, you gain experience in order to build your future and choose great decisions.

Another reason, a positive person who wants to improve himself is more likely to get a reward in the future because of his effort that he is putting on something or his positive enthusiasm. Even though, things does not go as you wanted, having positive thinking and good actitudes can be the key of success. For instance, failure is not always a bad thing; failure is another way to see what you did wrong or to make you a wise person for the experience that you learned. If you keep failing and failing it can also means that is not your time yet. Thus, for the next time you would be prepared for everything and know how to deal with any issue. Furthermore, it is important to know that, to be successful in this life it is not easy and that as you going ahead things becomes harder.

As you can see, not everyone has the same opinion. Some people say that failure gives you misery, fear of trying again something that you failed and it can ruin your life. I agree that failure can makes you to feel afraid of doing somethig beacuse I believe everyone has done something and failed in the try. I understand that we don't want to make the same mistake twice, but in the other hand I still agree with my point of view because running away from our failure it's not going to give us success. If your are running away from your failure that's going to make it worse because on the next time your are not going to know how to confront that situation. If you say that the only things failure brings is misery and it ruin lives that's because you did not even try your best, you gave up ealier than anything else. When you are looking for success no matter how many times you failed, you need to have a positive enthusiasm and try to understand why it happened. The purpuse of failure is to give us a stop, to makes us reflect about what we are doing and to be a rational person.

In concusion, success consist of going from failure to failure without loss of enthusiasm. In order to have success everyone has been passed from failure to failure. Even if things becomes worse it is just part of the life and we have to face it and learn from it. Everyone learn from mistakes and it makes us more success because we learn from our experiences. Good enthusiasm helps you to have a strong personality which helps you to think calm and take great decisions. Therefore, failure can be really hard to get over it , but it teachs you to be strong and a wise person. It is hard to assimilate when you failed ,but we know that even if it's hard to understand there is always a solution. Many people are successful in this country and that's beacuse they know how to take advantage of any situation. Our enthusiasm and perseverance are the key for success above the failure. ",Male,12,Hispanic/Latino,735,784,776,37,6,129.3333333,62.23437292,33.03571429,259,784,Independent,Economically disadvantaged,Success and failure,3.5,4.0,3.5,4.5,3.5,3.5,3.5
BA71C09852E8,"Generic_Name is a student that just finished middle school and is getting prepared to start high school. He is really excited to find a career throughout high school and knowing which one would suit him best. Unfortunately after he told his parents, they were not amused with his response. Generic_Name was sad that his parents didn't encourage him and wasn't as excited to find a career as he was before. Although some people think that it is ridiculous for students to identify a career at a young age, they are wrong. Students with benefit in knowing to identify a career because this will improve their knowledge, learn new skills, and teaches them how to make their own decisions.

Students will be able to improve their knowledge whenever starting high school because this will get students to be prepared for any task at any time. Students are also going to be noticing that there are more opportunities throughout the school and have the option to choose what suits them best. Students can be able to notice that high school many students really improve from freshman year to senior year and can compare how much they really care about the students education. For example, Generic_Name is a sophomore and is looking at a career to become an English teacher, but he hasn't really improved as much in his English class. He talked to his English teacher about it and wanted to get tutored and really know how to become a teacher. In less than two months, Generic_Name has improved so much in English and is finally understanding what to do and feeling confident that in the future he will become a teacher. Students will also benefit at finding a specific career if they learn new skills.

Students will be able to learn so much throughout high school and especially learn new skills. Many students whenever they start high school they can learn new skills, for example: playing an instrument, playing a sport, or even learning how to cook. Students will also learn new basic skills, weather its Math, Science, or History. Students can also learn new skills if they could join a club or activities throughout the school. Students will have the opportunity to learn all of these skills and could really help them out to find a specific career. For example, Generic_Name is a senior and wants to find a career about becoming a guitarist, but his teachers were concern due to how magnificent he is with Technology and Science. Generic_Name wasn't really interested in those careers and has told his teachers that he wants to play for the world. The teachers we're upset with Generic_Name but understood that he made his decision and we're still happy and proud of him. Generic_Name was glad he finally found the perfect career for him and was very happy with it. Students will have the chance to make their own decisions in high school.

High school really wants students to make decisions and teach them that they are becoming young adults and need to understand that they can also make decision on their own. Students will be able to have the decision to go for a standard diploma or an advanced diploma. Students also have the opportunity on weather to choose to go to the army or work whenever they finish high school. Another decision students will get is what career will suit best for them. Teachers really help out students with finding the right and best career for students. For example, Generic_Name is a freshman and really wants to graduate with an advanced diploma. She is doing really well in all her classes and teachers are recommending her many careers. Generic_Name decides to go to see her counselor about which career would she enjoy best. Her counselor tells her that it is her decision on what does she really like to do and recommends her great careers. Generic_Name really struggles on what to choose but will sooner or later realize what she wants to do.

Students will be able to achieve more intelligence, learn more tasks, and open new opportunities for students to know how to identify a career. Generic_Name started high school and isn't too happy about it. He is doing decent in his classes but isn't feeling confident about finding a career, but one day whenever he got home his parents decided to find him careers and told him that they have all their support and will encourage him no matter what. Generic_Name is filled with joy and encouragement that he started to improve in his classes and is starting to find a career that knew that he would love and enjoy. He went to go talk to his counselor about careers and Generic_Name heard so many options he didn't know what to choose, but in the end he finally made up his choice and chose the career he know he would love.           ",Male,11,Hispanic/Latino,767,831,822,38,5,164.4,45.43075501,30.44524669,253,831,Independent,Economically disadvantaged,Career commitment,4.0,3.5,4.0,4.5,3.5,4.0,4.0
3BB94ABF8E02,"Students choose their career before entering high school! Some societies want students to choose their career during the time they enter high school, so it will be easy for them to choose classes based on what they want their career to be. Although some people might say choosing career while entering high school could help students, but it is not practical because students might not know what they want to do that early or might change their mind about their choice. It is a great thing to know what you want to do in life that early, but it shouldn't a requirement. Students are still experimenting with what they like and are learning things everyday which might help them with their career path. There are a lot of options like: electives, school sports, clubs, volunteering, classes/courses that are outside of school to help students with a lot of opportunities during high school to experiment and choose from different things they are interested in through out their high school student life.

First, schools have electives and sports for students to choose from. This is something students might want to do or like. As students could pick classes or sports they are interested to see if they like it or could possibly consider choosing as a career choice. For example, there are a lot of STEM courses and cyber security classes for electives and different sports like football, soccer etc..

Second, schools also have different clubs that students might be interested in and can join. If students really like the club they might consider doing that for living or something similar to the club. For example, there are a lot of clubs that are also companies like

UNICEF

and many more.

Lastly, there are volunteer opportunities and courses outside of school to choose from and go to which might really help you with choosing something you might be interested in. For example, you can volunteer in a place like the

American Cancer Society or

American Psychology Association and courses like pottery to fencing and more more. There are a lot of options.

In conclusion there are a lot of time for students to choose their career during their high school life and they don't have to rush into choosing a career. There are so many ways and opportunities for see what they like and choose a career they are really passionate about and could look forward everyday to do the thing they really love. ",Female,11,Asian/Pacific Islander,396,415,412,17,9,45.77777778,49.84075199,33.4939759,139,415,Independent,Not economically disadvantaged,Career commitment,4.5,4.0,3.5,4.5,4.5,4.5,4.5
EEEF07B3D146,"Do you accomplish more when you always keep yourself busy? In this essay i will argue that keeping yourself busy serves a purpose. You get more things done, you will not be considered lazy and you get to learn new things.

When you are always doing something you get more things done and out of the way. You will not be behind on anything. This is a good habit to have because it can affect you in the long run. For example, when you get older and have to pay taxes or bills. You will be caught up and on time which is really good for your credit score.

You will not be considered lazy. Many people in your life will notice how you like to get things done. This habit will definitely get you a job. No employer is looking for someone lazy and does not like to do things. Keeping yourself busy can be therapeutic. Many people do this to relive stress or think about things instead of being useless.

You will learn new things. Take advantage of the things you do because it can lead you to new opportunities. You can experience different things which is phenomenal. It is always fun keeping yourself busy because you feel great after the things you have accomplished. The more things you learn the more things you can try to keep yourself busy.

Some people say inactivity serves a purpose, but they are wrong because when you are always doing something it keeps you motivated, experienced and makes a good habit to have. In the future I hope we have less useless people and more people who like to get things done.  ",Female,11,Hispanic/Latino,273,281,281,21,5,56.2,48.8673474,40.9252669,115,281,Independent,Economically disadvantaged,Being busy,4.0,4.0,4.0,4.5,4.0,3.5,4.0
